2026-08-05 07:30:38,508 INFO root: Startup project_root=D:\PYTHON\ATG-KIEM-SOAT-XE-RA-VAO executable=D:\PYTHON\ATG-KIEM-SOAT-XE-RA-VAO\.venv\Scripts\python.exe python=3.10.11 cwd=D:\PYTHON\ATG-KIEM-SOAT-XE-RA-VAO entry_point=D:\PYTHON\ATG-KIEM-SOAT-XE-RA-VAO\run_app.py
2026-08-05 07:30:38,508 INFO root: Startup profile=debug_2zones max_cameras=2 model=D:\PYTHON\ATG-KIEM-SOAT-XE-RA-VAO\models\yolo11n.pt device=cuda:0 half=False cuda=True database=sqlite:///D:/PYTHON/ATG-KIEM-SOAT-XE-RA-VAO/data/debug_multi_zone.db timezone=Asia/Ho_Chi_Minh logs=D:\PYTHON\ATG-KIEM-SOAT-XE-RA-VAO\logs\debug_multi_zone snapshots=D:\PYTHON\ATG-KIEM-SOAT-XE-RA-VAO\snapshots\debug_multi_zone
2026-08-05 07:30:38,508 INFO root: System local time: 2026-08-05T07:30:38.508942+07:00; current UTC time: 2026-08-05T00:30:38.508942+00:00
2026-08-05 07:30:38,508 INFO root: Database init
2026-08-05 07:30:38,508 INFO app.services.detector: Detector config model=D:\PYTHON\ATG-KIEM-SOAT-XE-RA-VAO\models\yolo11n.pt exists=True confidence=0.40
2026-08-05 07:30:39,250 INFO app.services.detector: CUDA_SELECTED configured=cuda:0 resolved=cuda:0 cuda_available=True
2026-08-05 07:30:39,250 INFO app.services.detector: Detector loaded model=D:\PYTHON\ATG-KIEM-SOAT-XE-RA-VAO\models\yolo11n.pt exists=True configured_device=cuda:0 resolved_device=cuda:0 gpu=NVIDIA T600 model_parameter_device=cpu model_parameter_dtype=torch.float32 model_instances=1 allocated_mib=0.0 reserved_mib=0.0 confidence=0.40
2026-08-05 07:30:39,296 INFO camera.GIAM_SAT_XE_MAY: Worker config camera=GIAM_SAT_XE_MAY parking_confirm_seconds=5.0 exit_confirm_seconds=2.0 detection_grace_seconds=5.0 track_lost_seconds=3.0 zone_type=MOTORCYCLE_ZONE capacity=15
2026-08-05 07:30:39,296 INFO camera.GIAM_SAT_O_TO_1: Worker config camera=GIAM_SAT_O_TO_1 parking_confirm_seconds=60.0 exit_confirm_seconds=60.0 detection_grace_seconds=10.0 track_lost_seconds=5.0 zone_type=CAR_ZONE capacity=4
2026-08-05 07:30:39,298 INFO camera.GIAM_SAT_XE_MAY: Detector ready model=D:\PYTHON\ATG-KIEM-SOAT-XE-RA-VAO\models\yolo11n.pt device=cuda:0 half=False
2026-08-05 07:30:39,300 INFO camera.GIAM_SAT_O_TO_1: Detector ready model=D:\PYTHON\ATG-KIEM-SOAT-XE-RA-VAO\models\yolo11n.pt device=cuda:0 half=False
2026-08-05 07:30:41,860 INFO camera.GIAM_SAT_O_TO_1: First frame received shape=(1620, 2880, 3)
2026-08-05 07:30:41,975 INFO app.ui.main_window: Camera online camera=GIAM_SAT_O_TO_1 first_frame=true detector_ready=True
2026-08-05 07:30:41,975 INFO camera.GIAM_SAT_XE_MAY: First frame received shape=(1620, 2880, 3)
2026-08-05 07:30:42,048 INFO app.ui.main_window: Pipeline telemetry camera=GIAM_SAT_XE_MAY capture_timestamp=2026-08-05T00:30:41.975706+00:00 inference_start=None inference_end=None preview_display_timestamp=54736.843000 ai_frame_age_ms=0.0 preview_frame_age_ms=15.0 configured_preview_fps=5.00 actual_preview_fps=0.00 dropped_capture_frames=0 dropped_preview_frames=0 queue_size=0 motorcycle=[] time_since_last_detection=-1.0 presence_ratio=0.00 candidate_elapsed=0.0 candidate_miss_elapsed=0.0
2026-08-05 07:30:42,089 INFO app.ui.main_window: Pipeline telemetry camera=GIAM_SAT_O_TO_1 capture_timestamp=2026-08-05T00:30:41.860075+00:00 inference_start=None inference_end=None preview_display_timestamp=54736.906000 ai_frame_age_ms=0.0 preview_frame_age_ms=188.0 configured_preview_fps=5.00 actual_preview_fps=0.00 dropped_capture_frames=0 dropped_preview_frames=0 queue_size=0 motorcycle=[] time_since_last_detection=-1.0 presence_ratio=0.00 candidate_elapsed=0.0 candidate_miss_elapsed=0.0
2026-08-05 07:30:42,112 INFO app.ui.main_window: Camera online camera=GIAM_SAT_XE_MAY first_frame=true detector_ready=True
2026-08-05 07:30:45,579 INFO app.services.detector: FIRST_INFERENCE configured_device=cuda:0 resolved_device=cuda:0 result_device=cuda:0 duration_ms=3709.0 allocated_mib=42.0 reserved_mib=70.0 peak_mib=49.1
2026-08-05 07:30:45,585 INFO app.services.detector: Detector telemetry original=2505x739 inference=2505x739 duration_ms=3719.3 raw=7 vehicles=3
2026-08-05 07:30:45,585 INFO app.services.detector: Vehicle filtered details=[{'class_id': 0, 'class_name': 'person', 'reason': 'class_not_allowed'}, {'class_id': 0, 'class_name': 'person', 'reason': 'class_not_allowed'}, {'class_id': 3, 'class_name': 'motorcycle', 'reason': 'class_not_allowed'}, {'class_id': 0, 'class_name': 'person', 'reason': 'class_not_allowed'}]
2026-08-05 07:30:45,595 INFO camera.GIAM_SAT_O_TO_1: Primary track selected track=1 overlap=0.319 inside=True
2026-08-05 07:30:45,596 INFO camera.GIAM_SAT_O_TO_1: Tracker telemetry frame=1 detections=3 inputs=[(0.823, (733, 527, 1185, 679)), (0.29, (615, 527, 687, 565)), (0.242, (533, 527, 633, 557))] outputs=[('2', 1, 0), ('3', 1, 0), ('1', 1, 0)] configured_fps=4.00 actual_ai_fps=0.27 track_lost_seconds=5.00 calculated_track_buffer=20
2026-08-05 07:30:45,598 INFO app.ui.main_window: Vehicle runtime created vehicle_instance_id=624911f66ec34d3f8069e54616b7103d track_id=1 reason=unmatched_stable_track
2026-08-05 07:30:45,700 INFO camera.GIAM_SAT_XE_MAY: Primary track selected track=6 overlap=0.996 inside=True
2026-08-05 07:30:45,701 INFO camera.GIAM_SAT_XE_MAY: Tracker telemetry frame=1 detections=6 inputs=[(0.873, (136, 370, 562, 524)), (0.825, (1544, 706, 2118, 1189)), (0.779, (1835, 568, 2223, 876)), (0.302, (2254, 406, 2411, 512)), (0.236, (2295, 412, 2409, 515)), (0.235, (2048, 589, 2234, 872))] outputs=[('5', 1, 0), ('1', 1, 0), ('4', 1, 0), ('2', 1, 0), ('3', 1, 0), ('6', 1, 0)] configured_fps=4.00 actual_ai_fps=0.27 track_lost_seconds=3.00 calculated_track_buffer=12
2026-08-05 07:30:45,709 INFO app.ui.main_window: Vehicle runtime created vehicle_instance_id=d734cd34fe384eee8e4a83bc85910ab6 track_id=2 reason=unmatched_stable_track
2026-08-05 07:30:45,711 INFO app.ui.main_window: Vehicle runtime created vehicle_instance_id=7a86aeb0f2ad4e64a9be34ea73b73ddc track_id=3 reason=unmatched_stable_track
2026-08-05 07:30:45,712 INFO app.ui.main_window: Vehicle runtime created vehicle_instance_id=82a408181535471aa6e4dab1476b2850 track_id=6 reason=unmatched_stable_track
2026-08-05 07:30:45,758 INFO app.ui.main_window: Vehicle runtime created vehicle_instance_id=c4963165182b46c4ae9cd5c3f791f881 track_id=8 reason=unmatched_stable_track
2026-08-05 07:30:47,618 INFO app.ui.main_window: Vehicle runtime created vehicle_instance_id=2933b6240bbf466e8adb00d9ab75a222 track_id=10 reason=unmatched_stable_track
2026-08-05 07:30:49,772 INFO camera.GIAM_SAT_O_TO_1: Primary track selected track=7 overlap=0.225 inside=True
2026-08-05 07:30:49,790 INFO app.ui.main_window: Track associated to existing runtime vehicle_instance_id=624911f66ec34d3f8069e54616b7103d new_track=7 session=None
2026-08-05 07:30:50,133 INFO camera.GIAM_SAT_O_TO_1: Primary track selected track=1 overlap=0.334 inside=True
2026-08-05 07:30:50,195 INFO app.ui.main_window: Track associated to existing runtime vehicle_instance_id=624911f66ec34d3f8069e54616b7103d new_track=1 session=None
2026-08-05 07:30:51,079 INFO app.services.parking_session_service: Session started and committed session=1-20260805-000001 vehicle_instance_id=7a86aeb0f2ad4e64a9be34ea73b73ddc track=3 idempotency_key=2:7a86aeb0f2ad4e64a9be34ea73b73ddc
2026-08-05 07:30:51,117 INFO camera.GIAM_SAT_O_TO_1: Primary track selected track=9 overlap=0.216 inside=True
2026-08-05 07:30:51,153 INFO app.ui.main_window: Parking session started camera=GIAM_SAT_XE_MAY session=1-20260805-000001 runtime=7a86aeb0f2ad4e64a9be34ea73b73ddc track=3
2026-08-05 07:30:51,153 INFO app.ui.main_window: Vehicle state transition camera=GIAM_SAT_XE_MAY runtime=7a86aeb0f2ad4e64a9be34ea73b73ddc state=OCCUPIED session=1-20260805-000001
2026-08-05 07:30:51,258 INFO app.services.parking_session_service: Session started and committed session=1-20260805-000002 vehicle_instance_id=d734cd34fe384eee8e4a83bc85910ab6 track=2 idempotency_key=2:d734cd34fe384eee8e4a83bc85910ab6
2026-08-05 07:30:51,319 INFO app.ui.main_window: Parking session started camera=GIAM_SAT_XE_MAY session=1-20260805-000002 runtime=d734cd34fe384eee8e4a83bc85910ab6 track=2
2026-08-05 07:30:51,328 INFO app.ui.main_window: Vehicle state transition camera=GIAM_SAT_XE_MAY runtime=d734cd34fe384eee8e4a83bc85910ab6 state=OCCUPIED session=1-20260805-000002
2026-08-05 07:30:51,382 INFO app.services.parking_session_service: Session started and committed session=1-20260805-000003 vehicle_instance_id=82a408181535471aa6e4dab1476b2850 track=6 idempotency_key=2:82a408181535471aa6e4dab1476b2850
2026-08-05 07:30:51,468 INFO app.ui.main_window: Parking session started camera=GIAM_SAT_XE_MAY session=1-20260805-000003 runtime=82a408181535471aa6e4dab1476b2850 track=6
2026-08-05 07:30:51,469 INFO app.ui.main_window: Vehicle state transition camera=GIAM_SAT_XE_MAY runtime=82a408181535471aa6e4dab1476b2850 state=OCCUPIED session=1-20260805-000003
2026-08-05 07:30:51,525 INFO app.services.parking_session_service: Session started and committed session=1-20260805-000004 vehicle_instance_id=c4963165182b46c4ae9cd5c3f791f881 track=8 idempotency_key=2:c4963165182b46c4ae9cd5c3f791f881
2026-08-05 07:30:51,584 INFO app.ui.main_window: Parking session started camera=GIAM_SAT_XE_MAY session=1-20260805-000004 runtime=c4963165182b46c4ae9cd5c3f791f881 track=8
2026-08-05 07:30:51,586 INFO app.ui.main_window: Vehicle state transition camera=GIAM_SAT_XE_MAY runtime=c4963165182b46c4ae9cd5c3f791f881 state=OCCUPIED session=1-20260805-000004
2026-08-05 07:30:51,683 INFO app.ui.main_window: Track associated to existing runtime vehicle_instance_id=624911f66ec34d3f8069e54616b7103d new_track=9 session=None
2026-08-05 07:30:52,212 INFO app.ui.main_window: Vehicle runtime created vehicle_instance_id=d94408523fc64ff383746fe661dfb1ec track_id=16 reason=unmatched_stable_track
2026-08-05 07:30:55,683 INFO app.ui.main_window: Track associated to existing runtime vehicle_instance_id=7a86aeb0f2ad4e64a9be34ea73b73ddc new_track=20 session=1-20260805-000001
2026-08-05 07:30:55,704 INFO app.ui.main_window: Vehicle state transition camera=GIAM_SAT_XE_MAY runtime=7a86aeb0f2ad4e64a9be34ea73b73ddc state=OCCUPIED session=1-20260805-000001
2026-08-05 07:30:57,337 INFO app.services.parking_session_service: Session started and committed session=1-20260805-000005 vehicle_instance_id=d94408523fc64ff383746fe661dfb1ec track=16 idempotency_key=2:d94408523fc64ff383746fe661dfb1ec
2026-08-05 07:30:57,414 INFO app.ui.main_window: Parking session started camera=GIAM_SAT_XE_MAY session=1-20260805-000005 runtime=d94408523fc64ff383746fe661dfb1ec track=16
2026-08-05 07:30:57,414 INFO app.ui.main_window: Vehicle state transition camera=GIAM_SAT_XE_MAY runtime=d94408523fc64ff383746fe661dfb1ec state=OCCUPIED session=1-20260805-000005
2026-08-05 07:30:57,606 INFO camera.GIAM_SAT_O_TO_1: Primary track selected track=3 overlap=0.293 inside=True
2026-08-05 07:30:57,795 INFO app.ui.main_window: Vehicle runtime created vehicle_instance_id=b294afe9117d4c89aafaef2343c9079e track_id=3 reason=unmatched_stable_track
2026-08-05 07:30:59,053 INFO app.ui.main_window: Vehicle runtime created vehicle_instance_id=6bcc48a78248429eb21b0a921875239c track_id=11 reason=unmatched_stable_track
2026-08-05 07:30:59,321 INFO app.ui.main_window: Track associated to existing runtime vehicle_instance_id=6bcc48a78248429eb21b0a921875239c new_track=7 session=None
2026-08-05 07:31:00,031 INFO app.ui.main_window: Vehicle state transition camera=GIAM_SAT_XE_MAY runtime=7a86aeb0f2ad4e64a9be34ea73b73ddc state=OCCUPIED session=1-20260805-000001
2026-08-05 07:31:00,990 INFO app.ui.main_window: Track associated to existing runtime vehicle_instance_id=d94408523fc64ff383746fe661dfb1ec new_track=25 session=1-20260805-000005
2026-08-05 07:31:01,005 INFO app.ui.main_window: Vehicle state transition camera=GIAM_SAT_XE_MAY runtime=d94408523fc64ff383746fe661dfb1ec state=OCCUPIED session=1-20260805-000005
2026-08-05 07:31:01,365 INFO app.ui.main_window: Vehicle state transition camera=GIAM_SAT_XE_MAY runtime=7a86aeb0f2ad4e64a9be34ea73b73ddc state=OCCUPIED session=1-20260805-000001
2026-08-05 07:31:01,618 INFO app.ui.main_window: Detection ignored camera=GIAM_SAT_XE_MAY track=25 raw_class=motorcycle reason=IGNORE_ZONE bbox=(85.58915710449219, 996.2407836914062, 693.19189453125, 1606.5185546875) anchor=(0.13520504368676078, 0.9916781201774691)
2026-08-05 07:31:02,303 INFO app.ui.main_window: Vehicle state transition camera=GIAM_SAT_XE_MAY runtime=d94408523fc64ff383746fe661dfb1ec state=OCCUPIED session=1-20260805-000005
2026-08-05 07:31:02,491 INFO camera.GIAM_SAT_XE_MAY: Primary track selected track=20 overlap=0.996 inside=True
2026-08-05 07:31:03,720 INFO app.ui.main_window: Vehicle state transition camera=GIAM_SAT_XE_MAY runtime=d94408523fc64ff383746fe661dfb1ec state=OCCUPIED session=1-20260805-000005
2026-08-05 07:31:03,758 INFO app.ui.main_window: Vehicle state transition camera=GIAM_SAT_XE_MAY runtime=82a408181535471aa6e4dab1476b2850 state=OCCUPIED session=1-20260805-000003
2026-08-05 07:31:03,895 INFO camera.GIAM_SAT_O_TO_1: Primary track selected track=15 overlap=0.228 inside=True
2026-08-05 07:31:03,897 INFO app.ui.main_window: Track associated to existing runtime vehicle_instance_id=6bcc48a78248429eb21b0a921875239c new_track=15 session=None
2026-08-05 07:31:04,059 INFO app.ui.main_window: Track associated to existing runtime vehicle_instance_id=c4963165182b46c4ae9cd5c3f791f881 new_track=25 session=1-20260805-000004
2026-08-05 07:31:04,061 WARNING app.ui.main_window: Track ownership conflict camera=GIAM_SAT_XE_MAY track_id=25 requested_session=1-20260805-000004 existing_session=1-20260805-000005 requested_vehicle_instance=c4963165182b46c4ae9cd5c3f791f881 existing_vehicle_instance=d94408523fc64ff383746fe661dfb1ec requested_state=IDENTITY_UNCERTAIN existing_state=ACTIVE connection_generation=0 association_cycle_id=61
2026-08-05 07:31:04,061 INFO app.ui.main_window: Vehicle state transition camera=GIAM_SAT_XE_MAY runtime=c4963165182b46c4ae9cd5c3f791f881 state=IDENTITY_UNCERTAIN session=1-20260805-000004
2026-08-05 07:31:04,343 WARNING app.ui.main_window: Track ownership conflict camera=GIAM_SAT_XE_MAY track_id=25 requested_session=1-20260805-000004 existing_session=1-20260805-000005 requested_vehicle_instance=c4963165182b46c4ae9cd5c3f791f881 existing_vehicle_instance=d94408523fc64ff383746fe661dfb1ec requested_state=IDENTITY_UNCERTAIN existing_state=ACTIVE connection_generation=0 association_cycle_id=62
2026-08-05 07:31:04,344 INFO app.ui.main_window: Vehicle state transition camera=GIAM_SAT_XE_MAY runtime=c4963165182b46c4ae9cd5c3f791f881 state=IDENTITY_UNCERTAIN session=1-20260805-000004
2026-08-05 07:31:04,367 INFO app.ui.main_window: Vehicle runtime created vehicle_instance_id=d9ee17c9bce1494b94e35de63a23088c track_id=30 reason=unmatched_stable_track
2026-08-05 07:31:04,611 INFO camera.GIAM_SAT_XE_MAY: Primary track selected track=25 overlap=1.000 inside=True
2026-08-05 07:31:04,709 WARNING app.ui.main_window: Track ownership conflict camera=GIAM_SAT_XE_MAY track_id=25 requested_session=1-20260805-000004 existing_session=1-20260805-000005 requested_vehicle_instance=c4963165182b46c4ae9cd5c3f791f881 existing_vehicle_instance=d94408523fc64ff383746fe661dfb1ec requested_state=IDENTITY_UNCERTAIN existing_state=ACTIVE connection_generation=0 association_cycle_id=63
2026-08-05 07:31:04,710 INFO app.ui.main_window: Vehicle state transition camera=GIAM_SAT_XE_MAY runtime=c4963165182b46c4ae9cd5c3f791f881 state=IDENTITY_UNCERTAIN session=1-20260805-000004
2026-08-05 07:31:04,711 INFO app.ui.main_window: Track associated to existing runtime vehicle_instance_id=d94408523fc64ff383746fe661dfb1ec new_track=31 session=1-20260805-000005
2026-08-05 07:31:04,734 INFO app.ui.main_window: Vehicle state transition camera=GIAM_SAT_XE_MAY runtime=d94408523fc64ff383746fe661dfb1ec state=OCCUPIED session=1-20260805-000005
2026-08-05 07:31:04,959 INFO camera.GIAM_SAT_XE_MAY: Primary track selected track=6 overlap=1.000 inside=True
2026-08-05 07:31:05,386 INFO app.ui.main_window: Vehicle state transition camera=GIAM_SAT_XE_MAY runtime=d94408523fc64ff383746fe661dfb1ec state=OCCUPIED session=1-20260805-000005
2026-08-05 07:31:05,949 INFO app.ui.main_window: Vehicle state transition camera=GIAM_SAT_XE_MAY runtime=7a86aeb0f2ad4e64a9be34ea73b73ddc state=OCCUPIED session=1-20260805-000001
2026-08-05 07:31:06,433 WARNING app.ui.main_window: Track ownership conflict camera=GIAM_SAT_XE_MAY track_id=25 requested_session=1-20260805-000004 existing_session=1-20260805-000005 requested_vehicle_instance=c4963165182b46c4ae9cd5c3f791f881 existing_vehicle_instance=d94408523fc64ff383746fe661dfb1ec requested_state=IDENTITY_UNCERTAIN existing_state=ACTIVE connection_generation=0 association_cycle_id=69
2026-08-05 07:31:06,449 INFO app.ui.main_window: Vehicle state transition camera=GIAM_SAT_XE_MAY runtime=c4963165182b46c4ae9cd5c3f791f881 state=IDENTITY_UNCERTAIN session=1-20260805-000004
2026-08-05 07:31:06,808 WARNING app.ui.main_window: Track ownership conflict camera=GIAM_SAT_XE_MAY track_id=25 requested_session=1-20260805-000004 existing_session=1-20260805-000005 requested_vehicle_instance=c4963165182b46c4ae9cd5c3f791f881 existing_vehicle_instance=d94408523fc64ff383746fe661dfb1ec requested_state=IDENTITY_UNCERTAIN existing_state=ACTIVE connection_generation=0 association_cycle_id=70
2026-08-05 07:31:06,808 INFO app.ui.main_window: Vehicle state transition camera=GIAM_SAT_XE_MAY runtime=c4963165182b46c4ae9cd5c3f791f881 state=IDENTITY_UNCERTAIN session=1-20260805-000004
2026-08-05 07:31:07,023 WARNING app.ui.main_window: Track ownership conflict camera=GIAM_SAT_XE_MAY track_id=25 requested_session=1-20260805-000004 existing_session=1-20260805-000005 requested_vehicle_instance=c4963165182b46c4ae9cd5c3f791f881 existing_vehicle_instance=d94408523fc64ff383746fe661dfb1ec requested_state=IDENTITY_UNCERTAIN existing_state=ACTIVE connection_generation=0 association_cycle_id=71
2026-08-05 07:31:07,023 INFO app.ui.main_window: Vehicle state transition camera=GIAM_SAT_XE_MAY runtime=c4963165182b46c4ae9cd5c3f791f881 state=IDENTITY_UNCERTAIN session=1-20260805-000004
2026-08-05 07:31:07,354 WARNING app.ui.main_window: Track ownership conflict camera=GIAM_SAT_XE_MAY track_id=25 requested_session=1-20260805-000004 existing_session=1-20260805-000005 requested_vehicle_instance=c4963165182b46c4ae9cd5c3f791f881 existing_vehicle_instance=d94408523fc64ff383746fe661dfb1ec requested_state=IDENTITY_UNCERTAIN existing_state=ACTIVE connection_generation=0 association_cycle_id=72
2026-08-05 07:31:07,354 INFO app.ui.main_window: Vehicle state transition camera=GIAM_SAT_XE_MAY runtime=c4963165182b46c4ae9cd5c3f791f881 state=IDENTITY_UNCERTAIN session=1-20260805-000004
2026-08-05 07:31:07,587 WARNING app.ui.main_window: Track ownership conflict camera=GIAM_SAT_XE_MAY track_id=25 requested_session=1-20260805-000004 existing_session=1-20260805-000005 requested_vehicle_instance=c4963165182b46c4ae9cd5c3f791f881 existing_vehicle_instance=d94408523fc64ff383746fe661dfb1ec requested_state=IDENTITY_UNCERTAIN existing_state=ACTIVE connection_generation=0 association_cycle_id=73
2026-08-05 07:31:07,587 INFO app.ui.main_window: Vehicle state transition camera=GIAM_SAT_XE_MAY runtime=c4963165182b46c4ae9cd5c3f791f881 state=IDENTITY_UNCERTAIN session=1-20260805-000004
2026-08-05 07:31:07,837 WARNING app.ui.main_window: Track ownership conflict camera=GIAM_SAT_XE_MAY track_id=25 requested_session=1-20260805-000004 existing_session=1-20260805-000005 requested_vehicle_instance=c4963165182b46c4ae9cd5c3f791f881 existing_vehicle_instance=d94408523fc64ff383746fe661dfb1ec requested_state=IDENTITY_UNCERTAIN existing_state=ACTIVE connection_generation=0 association_cycle_id=74
2026-08-05 07:31:07,837 INFO app.ui.main_window: Vehicle state transition camera=GIAM_SAT_XE_MAY runtime=c4963165182b46c4ae9cd5c3f791f881 state=IDENTITY_UNCERTAIN session=1-20260805-000004
2026-08-05 07:31:08,163 WARNING app.ui.main_window: Track ownership conflict camera=GIAM_SAT_XE_MAY track_id=25 requested_session=1-20260805-000004 existing_session=1-20260805-000005 requested_vehicle_instance=c4963165182b46c4ae9cd5c3f791f881 existing_vehicle_instance=d94408523fc64ff383746fe661dfb1ec requested_state=IDENTITY_UNCERTAIN existing_state=ACTIVE connection_generation=0 association_cycle_id=75
2026-08-05 07:31:08,163 INFO app.ui.main_window: Vehicle state transition camera=GIAM_SAT_XE_MAY runtime=c4963165182b46c4ae9cd5c3f791f881 state=IDENTITY_UNCERTAIN session=1-20260805-000004
2026-08-05 07:31:08,401 WARNING app.ui.main_window: Track ownership conflict camera=GIAM_SAT_XE_MAY track_id=25 requested_session=1-20260805-000004 existing_session=1-20260805-000005 requested_vehicle_instance=c4963165182b46c4ae9cd5c3f791f881 existing_vehicle_instance=d94408523fc64ff383746fe661dfb1ec requested_state=IDENTITY_UNCERTAIN existing_state=ACTIVE connection_generation=0 association_cycle_id=76
2026-08-05 07:31:08,401 INFO app.ui.main_window: Vehicle state transition camera=GIAM_SAT_XE_MAY runtime=c4963165182b46c4ae9cd5c3f791f881 state=IDENTITY_UNCERTAIN session=1-20260805-000004
2026-08-05 07:31:08,777 WARNING app.ui.main_window: Track ownership conflict camera=GIAM_SAT_XE_MAY track_id=25 requested_session=1-20260805-000004 existing_session=1-20260805-000005 requested_vehicle_instance=c4963165182b46c4ae9cd5c3f791f881 existing_vehicle_instance=d94408523fc64ff383746fe661dfb1ec requested_state=IDENTITY_UNCERTAIN existing_state=ACTIVE connection_generation=0 association_cycle_id=77
2026-08-05 07:31:08,786 INFO app.ui.main_window: Vehicle state transition camera=GIAM_SAT_XE_MAY runtime=c4963165182b46c4ae9cd5c3f791f881 state=IDENTITY_UNCERTAIN session=1-20260805-000004
2026-08-05 07:31:09,009 WARNING app.ui.main_window: Track ownership conflict camera=GIAM_SAT_XE_MAY track_id=25 requested_session=1-20260805-000004 existing_session=1-20260805-000005 requested_vehicle_instance=c4963165182b46c4ae9cd5c3f791f881 existing_vehicle_instance=d94408523fc64ff383746fe661dfb1ec requested_state=IDENTITY_UNCERTAIN existing_state=ACTIVE connection_generation=0 association_cycle_id=78
2026-08-05 07:31:09,009 INFO app.ui.main_window: Vehicle state transition camera=GIAM_SAT_XE_MAY runtime=c4963165182b46c4ae9cd5c3f791f881 state=IDENTITY_UNCERTAIN session=1-20260805-000004
2026-08-05 07:31:09,395 WARNING app.ui.main_window: Track ownership conflict camera=GIAM_SAT_XE_MAY track_id=25 requested_session=1-20260805-000004 existing_session=1-20260805-000005 requested_vehicle_instance=c4963165182b46c4ae9cd5c3f791f881 existing_vehicle_instance=d94408523fc64ff383746fe661dfb1ec requested_state=IDENTITY_UNCERTAIN existing_state=ACTIVE connection_generation=0 association_cycle_id=79
2026-08-05 07:31:09,397 INFO app.ui.main_window: Vehicle state transition camera=GIAM_SAT_XE_MAY runtime=c4963165182b46c4ae9cd5c3f791f881 state=IDENTITY_UNCERTAIN session=1-20260805-000004
2026-08-05 07:31:09,664 WARNING app.ui.main_window: Track ownership conflict camera=GIAM_SAT_XE_MAY track_id=25 requested_session=1-20260805-000004 existing_session=1-20260805-000005 requested_vehicle_instance=c4963165182b46c4ae9cd5c3f791f881 existing_vehicle_instance=d94408523fc64ff383746fe661dfb1ec requested_state=IDENTITY_UNCERTAIN existing_state=ACTIVE connection_generation=0 association_cycle_id=80
2026-08-05 07:31:09,678 INFO app.ui.main_window: Vehicle state transition camera=GIAM_SAT_XE_MAY runtime=c4963165182b46c4ae9cd5c3f791f881 state=IDENTITY_UNCERTAIN session=1-20260805-000004
2026-08-05 07:31:09,915 WARNING app.ui.main_window: Track ownership conflict camera=GIAM_SAT_XE_MAY track_id=25 requested_session=1-20260805-000004 existing_session=1-20260805-000005 requested_vehicle_instance=c4963165182b46c4ae9cd5c3f791f881 existing_vehicle_instance=d94408523fc64ff383746fe661dfb1ec requested_state=IDENTITY_UNCERTAIN existing_state=ACTIVE connection_generation=0 association_cycle_id=81
2026-08-05 07:31:09,915 INFO app.ui.main_window: Vehicle state transition camera=GIAM_SAT_XE_MAY runtime=c4963165182b46c4ae9cd5c3f791f881 state=IDENTITY_UNCERTAIN session=1-20260805-000004
2026-08-05 07:31:10,260 WARNING app.ui.main_window: Track ownership conflict camera=GIAM_SAT_XE_MAY track_id=25 requested_session=1-20260805-000004 existing_session=1-20260805-000005 requested_vehicle_instance=c4963165182b46c4ae9cd5c3f791f881 existing_vehicle_instance=d94408523fc64ff383746fe661dfb1ec requested_state=IDENTITY_UNCERTAIN existing_state=ACTIVE connection_generation=0 association_cycle_id=82
2026-08-05 07:31:10,260 INFO app.ui.main_window: Vehicle state transition camera=GIAM_SAT_XE_MAY runtime=c4963165182b46c4ae9cd5c3f791f881 state=IDENTITY_UNCERTAIN session=1-20260805-000004
2026-08-05 07:31:10,585 WARNING app.ui.main_window: Track ownership conflict camera=GIAM_SAT_XE_MAY track_id=25 requested_session=1-20260805-000004 existing_session=1-20260805-000005 requested_vehicle_instance=c4963165182b46c4ae9cd5c3f791f881 existing_vehicle_instance=d94408523fc64ff383746fe661dfb1ec requested_state=IDENTITY_UNCERTAIN existing_state=ACTIVE connection_generation=0 association_cycle_id=83
2026-08-05 07:31:10,601 INFO app.ui.main_window: Vehicle state transition camera=GIAM_SAT_XE_MAY runtime=c4963165182b46c4ae9cd5c3f791f881 state=IDENTITY_UNCERTAIN session=1-20260805-000004
2026-08-05 07:31:10,836 WARNING app.ui.main_window: Track ownership conflict camera=GIAM_SAT_XE_MAY track_id=25 requested_session=1-20260805-000004 existing_session=1-20260805-000005 requested_vehicle_instance=c4963165182b46c4ae9cd5c3f791f881 existing_vehicle_instance=d94408523fc64ff383746fe661dfb1ec requested_state=IDENTITY_UNCERTAIN existing_state=ACTIVE connection_generation=0 association_cycle_id=84
2026-08-05 07:31:10,852 INFO app.ui.main_window: Vehicle state transition camera=GIAM_SAT_XE_MAY runtime=c4963165182b46c4ae9cd5c3f791f881 state=IDENTITY_UNCERTAIN session=1-20260805-000004
2026-08-05 07:31:11,176 WARNING app.ui.main_window: Track ownership conflict camera=GIAM_SAT_XE_MAY track_id=25 requested_session=1-20260805-000004 existing_session=1-20260805-000005 requested_vehicle_instance=c4963165182b46c4ae9cd5c3f791f881 existing_vehicle_instance=d94408523fc64ff383746fe661dfb1ec requested_state=IDENTITY_UNCERTAIN existing_state=ACTIVE connection_generation=0 association_cycle_id=85
2026-08-05 07:31:11,178 INFO app.ui.main_window: Vehicle state transition camera=GIAM_SAT_XE_MAY runtime=c4963165182b46c4ae9cd5c3f791f881 state=IDENTITY_UNCERTAIN session=1-20260805-000004
2026-08-05 07:31:11,495 WARNING app.ui.main_window: Track ownership conflict camera=GIAM_SAT_XE_MAY track_id=25 requested_session=1-20260805-000004 existing_session=1-20260805-000005 requested_vehicle_instance=c4963165182b46c4ae9cd5c3f791f881 existing_vehicle_instance=d94408523fc64ff383746fe661dfb1ec requested_state=IDENTITY_UNCERTAIN existing_state=ACTIVE connection_generation=0 association_cycle_id=86
2026-08-05 07:31:11,495 INFO app.ui.main_window: Vehicle state transition camera=GIAM_SAT_XE_MAY runtime=c4963165182b46c4ae9cd5c3f791f881 state=IDENTITY_UNCERTAIN session=1-20260805-000004
2026-08-05 07:31:11,807 WARNING app.ui.main_window: Track ownership conflict camera=GIAM_SAT_XE_MAY track_id=25 requested_session=1-20260805-000004 existing_session=1-20260805-000005 requested_vehicle_instance=c4963165182b46c4ae9cd5c3f791f881 existing_vehicle_instance=d94408523fc64ff383746fe661dfb1ec requested_state=IDENTITY_UNCERTAIN existing_state=ACTIVE connection_generation=0 association_cycle_id=87
2026-08-05 07:31:11,823 INFO app.ui.main_window: Vehicle state transition camera=GIAM_SAT_XE_MAY runtime=c4963165182b46c4ae9cd5c3f791f881 state=IDENTITY_UNCERTAIN session=1-20260805-000004
2026-08-05 07:31:12,087 WARNING app.ui.main_window: Track ownership conflict camera=GIAM_SAT_XE_MAY track_id=25 requested_session=1-20260805-000004 existing_session=1-20260805-000005 requested_vehicle_instance=c4963165182b46c4ae9cd5c3f791f881 existing_vehicle_instance=d94408523fc64ff383746fe661dfb1ec requested_state=IDENTITY_UNCERTAIN existing_state=ACTIVE connection_generation=0 association_cycle_id=88
2026-08-05 07:31:12,087 INFO app.ui.main_window: Vehicle state transition camera=GIAM_SAT_XE_MAY runtime=c4963165182b46c4ae9cd5c3f791f881 state=IDENTITY_UNCERTAIN session=1-20260805-000004
2026-08-05 07:31:12,119 INFO app.ui.main_window: Pipeline telemetry camera=GIAM_SAT_O_TO_1 capture_timestamp=2026-08-05T00:31:11.933320+00:00 inference_start=54766.562 inference_end=54766.625 preview_display_timestamp=54766.937000 ai_frame_age_ms=0.0 preview_frame_age_ms=141.0 configured_preview_fps=5.00 actual_preview_fps=4.57 dropped_capture_frames=28 dropped_preview_frames=8 queue_size=0 motorcycle=[] time_since_last_detection=-1.0 presence_ratio=0.00 candidate_elapsed=0.0 candidate_miss_elapsed=0.0
2026-08-05 07:31:12,164 INFO app.ui.main_window: Pipeline telemetry camera=GIAM_SAT_XE_MAY capture_timestamp=2026-08-05T00:31:11.940352+00:00 inference_start=54766.796 inference_end=54766.843 preview_display_timestamp=54766.968000 ai_frame_age_ms=0.0 preview_frame_age_ms=172.0 configured_preview_fps=5.00 actual_preview_fps=4.27 dropped_capture_frames=27 dropped_preview_frames=8 queue_size=0 motorcycle=[{'class': 'motorcycle', 'confidence': 0.8462061882019043, 'bbox': (1546.0220947265625, 704.38916015625, 2119.94287109375, 1188.8685302734375)}, {'class': 'motorcycle', 'confidence': 0.5253514647483826, 'bbox': (1847.4188232421875, 570.4149780273438, 2216.50634765625, 868.7401428222656)}, {'class': 'motorcycle', 'confidence': 0.3015733063220978, 'bbox': (2065.671142578125, 598.2983093261719, 2235.887451171875, 871.1931762695312)}, {'class': 'motorcycle', 'confidence': 0.22518008947372437, 'bbox': (2293.46875, 411.4671173095703, 2398.919189453125, 516.1380157470703)}, {'class': 'motorcycle', 'confidence': 0.20918698608875275, 'bbox': (1850.7989501953125, 571.1327056884766, 2148.744873046875, 816.8875427246094)}] time_since_last_detection=-1.0 presence_ratio=0.00 candidate_elapsed=0.0 candidate_miss_elapsed=0.0
2026-08-05 07:31:12,447 WARNING app.ui.main_window: Track ownership conflict camera=GIAM_SAT_XE_MAY track_id=25 requested_session=1-20260805-000004 existing_session=1-20260805-000005 requested_vehicle_instance=c4963165182b46c4ae9cd5c3f791f881 existing_vehicle_instance=d94408523fc64ff383746fe661dfb1ec requested_state=IDENTITY_UNCERTAIN existing_state=ACTIVE connection_generation=0 association_cycle_id=89
2026-08-05 07:31:12,447 INFO app.ui.main_window: Vehicle state transition camera=GIAM_SAT_XE_MAY runtime=c4963165182b46c4ae9cd5c3f791f881 state=IDENTITY_UNCERTAIN session=1-20260805-000004
2026-08-05 07:31:12,633 WARNING app.ui.main_window: Track ownership conflict camera=GIAM_SAT_XE_MAY track_id=25 requested_session=1-20260805-000004 existing_session=1-20260805-000005 requested_vehicle_instance=c4963165182b46c4ae9cd5c3f791f881 existing_vehicle_instance=d94408523fc64ff383746fe661dfb1ec requested_state=IDENTITY_UNCERTAIN existing_state=ACTIVE connection_generation=0 association_cycle_id=90
2026-08-05 07:31:12,633 INFO app.ui.main_window: Vehicle state transition camera=GIAM_SAT_XE_MAY runtime=c4963165182b46c4ae9cd5c3f791f881 state=IDENTITY_UNCERTAIN session=1-20260805-000004
2026-08-05 07:31:12,884 WARNING app.ui.main_window: Track ownership conflict camera=GIAM_SAT_XE_MAY track_id=25 requested_session=1-20260805-000004 existing_session=1-20260805-000005 requested_vehicle_instance=c4963165182b46c4ae9cd5c3f791f881 existing_vehicle_instance=d94408523fc64ff383746fe661dfb1ec requested_state=IDENTITY_UNCERTAIN existing_state=ACTIVE connection_generation=0 association_cycle_id=91
2026-08-05 07:31:12,884 INFO app.ui.main_window: Vehicle state transition camera=GIAM_SAT_XE_MAY runtime=c4963165182b46c4ae9cd5c3f791f881 state=IDENTITY_UNCERTAIN session=1-20260805-000004
2026-08-05 07:31:12,929 INFO app.services.parking_session_service: Session completed and committed session=1-20260805-000005 previous_status=ACTIVE new_status=COMPLETED left_at=2026-08-05 00:31:12.821424 duration_seconds=15
2026-08-05 07:31:13,209 INFO app.ui.main_window: Vehicle state transition camera=GIAM_SAT_XE_MAY runtime=c4963165182b46c4ae9cd5c3f791f881 state=OCCUPIED session=1-20260805-000004
2026-08-05 07:31:15,608 INFO app.services.detector: Detector telemetry original=2505x739 inference=2505x739 duration_ms=51.4 raw=4 vehicles=0
2026-08-05 07:31:15,608 INFO app.services.detector: Vehicle filtered details=[{'class_id': 0, 'class_name': 'person', 'reason': 'class_not_allowed'}, {'class_id': 0, 'class_name': 'person', 'reason': 'class_not_allowed'}, {'class_id': 0, 'class_name': 'person', 'reason': 'class_not_allowed'}, {'class_id': 28, 'class_name': 'suitcase', 'reason': 'class_not_allowed'}]
2026-08-05 07:31:15,608 INFO camera.GIAM_SAT_O_TO_1: Tracker telemetry frame=98 detections=0 inputs=[] outputs=[] configured_fps=4.00 actual_ai_fps=19.46 track_lost_seconds=5.00 calculated_track_buffer=20
2026-08-05 07:31:15,755 INFO camera.GIAM_SAT_XE_MAY: Tracker telemetry frame=101 detections=6 inputs=[(0.852, (1546, 710, 2119, 1187)), (0.613, (1838, 574, 2194, 867)), (0.476, (78, 451, 192, 595)), (0.272, (2282, 407, 2406, 523)), (0.252, (2072, 597, 2243, 872)), (0.203, (2238, 404, 2383, 521))] outputs=[('32', 1, 0), ('25', 51, 0), ('20', 67, 0), ('2', 101, 0), ('6', 101, 0), ('9', 95, 0)] configured_fps=4.00 actual_ai_fps=15.81 track_lost_seconds=3.00 calculated_track_buffer=12
2026-08-05 07:31:16,183 INFO app.ui.main_window: Track associated to existing runtime vehicle_instance_id=c4963165182b46c4ae9cd5c3f791f881 new_track=33 session=1-20260805-000004
2026-08-05 07:31:16,210 INFO app.ui.main_window: Vehicle state transition camera=GIAM_SAT_XE_MAY runtime=c4963165182b46c4ae9cd5c3f791f881 state=OCCUPIED session=1-20260805-000004
2026-08-05 07:31:17,161 INFO app.ui.main_window: Vehicle runtime created vehicle_instance_id=d064277f494842a6b8c20b4551cb8e23 track_id=34 reason=unmatched_stable_track
2026-08-05 07:31:17,557 INFO app.ui.main_window: Vehicle state transition camera=GIAM_SAT_XE_MAY runtime=c4963165182b46c4ae9cd5c3f791f881 state=OCCUPIED session=1-20260805-000004
2026-08-05 07:31:17,854 INFO app.ui.main_window: Vehicle runtime created vehicle_instance_id=3fd9bb7ed93d4f53a148f5d43ca09ed8 track_id=36 reason=unmatched_stable_track
2026-08-05 07:31:18,458 INFO app.ui.main_window: Vehicle state transition camera=GIAM_SAT_XE_MAY runtime=c4963165182b46c4ae9cd5c3f791f881 state=OCCUPIED session=1-20260805-000004
2026-08-05 07:31:18,980 INFO app.ui.main_window: Vehicle state transition camera=GIAM_SAT_XE_MAY runtime=c4963165182b46c4ae9cd5c3f791f881 state=OCCUPIED session=1-20260805-000004
2026-08-05 07:31:19,991 INFO app.ui.main_window: Vehicle state transition camera=GIAM_SAT_XE_MAY runtime=c4963165182b46c4ae9cd5c3f791f881 state=OCCUPIED session=1-20260805-000004
2026-08-05 07:31:20,616 INFO app.ui.main_window: Track associated to existing runtime vehicle_instance_id=d064277f494842a6b8c20b4551cb8e23 new_track=38 session=None
2026-08-05 07:31:20,900 INFO app.ui.main_window: Vehicle state transition camera=GIAM_SAT_XE_MAY runtime=c4963165182b46c4ae9cd5c3f791f881 state=OCCUPIED session=1-20260805-000004
2026-08-05 07:31:22,331 INFO app.services.parking_session_service: Session started and committed session=1-20260805-000006 vehicle_instance_id=d064277f494842a6b8c20b4551cb8e23 track=38 idempotency_key=2:d064277f494842a6b8c20b4551cb8e23
2026-08-05 07:31:22,411 INFO app.ui.main_window: Parking session started camera=GIAM_SAT_XE_MAY session=1-20260805-000006 runtime=d064277f494842a6b8c20b4551cb8e23 track=38
2026-08-05 07:31:22,417 INFO app.ui.main_window: Vehicle state transition camera=GIAM_SAT_XE_MAY runtime=d064277f494842a6b8c20b4551cb8e23 state=OCCUPIED session=1-20260805-000006
2026-08-05 07:31:22,865 INFO app.services.parking_session_service: Session started and committed session=1-20260805-000007 vehicle_instance_id=3fd9bb7ed93d4f53a148f5d43ca09ed8 track=36 idempotency_key=2:3fd9bb7ed93d4f53a148f5d43ca09ed8
2026-08-05 07:31:22,923 INFO app.ui.main_window: Parking session started camera=GIAM_SAT_XE_MAY session=1-20260805-000007 runtime=3fd9bb7ed93d4f53a148f5d43ca09ed8 track=36
2026-08-05 07:31:22,923 INFO app.ui.main_window: Vehicle state transition camera=GIAM_SAT_XE_MAY runtime=3fd9bb7ed93d4f53a148f5d43ca09ed8 state=OCCUPIED session=1-20260805-000007
2026-08-05 07:31:23,558 INFO app.ui.main_window: Vehicle runtime created vehicle_instance_id=8ec0b348a849463b87dba8fe56bd8b9a track_id=43 reason=unmatched_stable_track
2026-08-05 07:31:24,278 INFO app.ui.main_window: Vehicle state transition camera=GIAM_SAT_XE_MAY runtime=d064277f494842a6b8c20b4551cb8e23 state=OCCUPIED session=1-20260805-000006
2026-08-05 07:31:24,529 INFO app.ui.main_window: Vehicle state transition camera=GIAM_SAT_XE_MAY runtime=c4963165182b46c4ae9cd5c3f791f881 state=OCCUPIED session=1-20260805-000004
2026-08-05 07:31:25,475 INFO app.ui.main_window: Vehicle state transition camera=GIAM_SAT_XE_MAY runtime=3fd9bb7ed93d4f53a148f5d43ca09ed8 state=OCCUPIED session=1-20260805-000007
2026-08-05 07:31:31,936 INFO app.services.parking_session_service: Session completed and committed session=1-20260805-000006 previous_status=ACTIVE new_status=COMPLETED left_at=2026-08-05 00:31:31.778602 duration_seconds=9
2026-08-05 07:31:42,124 INFO app.ui.main_window: Pipeline telemetry camera=GIAM_SAT_O_TO_1 capture_timestamp=2026-08-05T00:31:41.966141+00:00 inference_start=54796.39 inference_end=54796.406 preview_display_timestamp=54796.953000 ai_frame_age_ms=0.0 preview_frame_age_ms=125.0 configured_preview_fps=5.00 actual_preview_fps=3.37 dropped_capture_frames=28 dropped_preview_frames=13 queue_size=0 motorcycle=[] time_since_last_detection=-1.0 presence_ratio=0.00 candidate_elapsed=0.0 candidate_miss_elapsed=0.0
2026-08-05 07:31:42,278 INFO app.ui.main_window: Pipeline telemetry camera=GIAM_SAT_XE_MAY capture_timestamp=2026-08-05T00:31:42.089993+00:00 inference_start=54796.718 inference_end=54796.781 preview_display_timestamp=54797.062000 ai_frame_age_ms=15.0 preview_frame_age_ms=109.0 configured_preview_fps=5.00 actual_preview_fps=5.81 dropped_capture_frames=27 dropped_preview_frames=11 queue_size=0 motorcycle=[{'class': 'motorcycle', 'confidence': 0.8379978537559509, 'bbox': (1545.1636962890625, 735.266357421875, 2119.323486328125, 1188.1455688476562)}, {'class': 'motorcycle', 'confidence': 0.5310747623443604, 'bbox': (1833.8399658203125, 572.4713897705078, 2142.95654296875, 811.662841796875)}, {'class': 'motorcycle', 'confidence': 0.4999969005584717, 'bbox': (2072.15771484375, 613.3833465576172, 2236.267578125, 876.6208190917969)}, {'class': 'motorcycle', 'confidence': 0.29251161217689514, 'bbox': (1836.76953125, 571.2574615478516, 2221.83251953125, 869.4194946289062)}, {'class': 'motorcycle', 'confidence': 0.22198547422885895, 'bbox': (1687.8831787109375, 676.0700988769531, 1987.09814453125, 926.61181640625)}, {'class': 'motorcycle', 'confidence': 0.2037615329027176, 'bbox': (2276.39306640625, 415.1144485473633, 2411.8974609375, 519.1860656738281)}] time_since_last_detection=-1.0 presence_ratio=0.00 candidate_elapsed=0.0 candidate_miss_elapsed=0.0
2026-08-05 07:31:45,617 INFO app.services.detector: Detector telemetry original=2505x739 inference=2505x739 duration_ms=57.3 raw=8 vehicles=0
2026-08-05 07:31:45,617 INFO app.services.detector: Vehicle filtered details=[{'class_id': 0, 'class_name': 'person', 'reason': 'class_not_allowed'}, {'class_id': 0, 'class_name': 'person', 'reason': 'class_not_allowed'}, {'class_id': 0, 'class_name': 'person', 'reason': 'class_not_allowed'}, {'class_id': 1, 'class_name': 'bicycle', 'reason': 'class_not_allowed'}, {'class_id': 3, 'class_name': 'motorcycle', 'reason': 'class_not_allowed'}, {'class_id': 4, 'class_name': 'airplane', 'reason': 'class_not_allowed'}, {'class_id': 0, 'class_name': 'person', 'reason': 'class_not_allowed'}, {'class_id': 0, 'class_name': 'person', 'reason': 'class_not_allowed'}]
2026-08-05 07:31:45,624 INFO camera.GIAM_SAT_O_TO_1: Tracker telemetry frame=196 detections=0 inputs=[] outputs=[] configured_fps=4.00 actual_ai_fps=17.47 track_lost_seconds=5.00 calculated_track_buffer=20
2026-08-05 07:31:45,866 INFO camera.GIAM_SAT_XE_MAY: Tracker telemetry frame=199 detections=6 inputs=[(0.838, (1545, 735, 2119, 1188)), (0.531, (1834, 572, 2143, 812)), (0.5, (2072, 613, 2236, 877)), (0.293, (1837, 571, 2222, 869)), (0.222, (1688, 676, 1987, 927)), (0.204, (2276, 415, 2412, 519))] outputs=[('33', 98, 0), ('25', 149, 0), ('20', 165, 0), ('2', 199, 0), ('6', 199, 0), ('36', 93, 0)] configured_fps=4.00 actual_ai_fps=18.82 track_lost_seconds=3.00 calculated_track_buffer=12
2026-08-05 07:31:49,351 INFO app.ui.main_window: Vehicle runtime created vehicle_instance_id=b06d23e8ca3e42c49f84808d420d2ab3 track_id=47 reason=unmatched_stable_track
2026-08-05 07:31:49,351 INFO app.ui.main_window: Vehicle runtime created vehicle_instance_id=916d260bc11e4a5b90068e9a47ae3ba8 track_id=49 reason=unmatched_stable_track
2026-08-05 07:31:54,538 INFO app.services.parking_session_service: Session started and committed session=1-20260805-000008 vehicle_instance_id=916d260bc11e4a5b90068e9a47ae3ba8 track=49 idempotency_key=2:916d260bc11e4a5b90068e9a47ae3ba8
2026-08-05 07:31:54,599 INFO app.ui.main_window: Parking session started camera=GIAM_SAT_XE_MAY session=1-20260805-000008 runtime=916d260bc11e4a5b90068e9a47ae3ba8 track=49
2026-08-05 07:31:54,599 INFO app.ui.main_window: Vehicle state transition camera=GIAM_SAT_XE_MAY runtime=916d260bc11e4a5b90068e9a47ae3ba8 state=OCCUPIED session=1-20260805-000008
2026-08-05 07:31:56,808 INFO app.services.parking_session_service: Session completed and committed session=1-20260805-000004 previous_status=ACTIVE new_status=COMPLETED left_at=2026-08-05 00:31:56.554101 duration_seconds=65
2026-08-05 07:31:58,970 INFO app.ui.main_window: Track associated to existing runtime vehicle_instance_id=b06d23e8ca3e42c49f84808d420d2ab3 new_track=51 session=None
2026-08-05 07:31:59,038 INFO app.services.parking_session_service: Session started and committed session=1-20260805-000009 vehicle_instance_id=b06d23e8ca3e42c49f84808d420d2ab3 track=51 idempotency_key=2:b06d23e8ca3e42c49f84808d420d2ab3
2026-08-05 07:31:59,086 INFO app.ui.main_window: Parking session started camera=GIAM_SAT_XE_MAY session=1-20260805-000009 runtime=b06d23e8ca3e42c49f84808d420d2ab3 track=51
2026-08-05 07:31:59,086 INFO app.ui.main_window: Vehicle state transition camera=GIAM_SAT_XE_MAY runtime=b06d23e8ca3e42c49f84808d420d2ab3 state=OCCUPIED session=1-20260805-000009
2026-08-05 07:32:03,922 INFO app.ui.main_window: Track associated to existing runtime vehicle_instance_id=3fd9bb7ed93d4f53a148f5d43ca09ed8 new_track=52 session=1-20260805-000007
2026-08-05 07:32:03,941 INFO app.ui.main_window: Vehicle state transition camera=GIAM_SAT_XE_MAY runtime=3fd9bb7ed93d4f53a148f5d43ca09ed8 state=OCCUPIED session=1-20260805-000007
2026-08-05 07:32:03,941 INFO app.ui.main_window: Vehicle runtime created vehicle_instance_id=057abade71c94c3fbc9d964196b0182b track_id=53 reason=unmatched_stable_track
2026-08-05 07:32:08,750 INFO app.ui.main_window: Track associated to existing runtime vehicle_instance_id=916d260bc11e4a5b90068e9a47ae3ba8 new_track=56 session=1-20260805-000008
2026-08-05 07:32:08,773 INFO app.ui.main_window: Vehicle state transition camera=GIAM_SAT_XE_MAY runtime=916d260bc11e4a5b90068e9a47ae3ba8 state=OCCUPIED session=1-20260805-000008
2026-08-05 07:32:09,141 INFO app.services.parking_session_service: Session started and committed session=1-20260805-000010 vehicle_instance_id=057abade71c94c3fbc9d964196b0182b track=53 idempotency_key=2:057abade71c94c3fbc9d964196b0182b
2026-08-05 07:32:09,214 INFO app.ui.main_window: Parking session started camera=GIAM_SAT_XE_MAY session=1-20260805-000010 runtime=057abade71c94c3fbc9d964196b0182b track=53
2026-08-05 07:32:09,215 INFO app.ui.main_window: Vehicle state transition camera=GIAM_SAT_XE_MAY runtime=057abade71c94c3fbc9d964196b0182b state=OCCUPIED session=1-20260805-000010
2026-08-05 07:32:12,224 INFO app.ui.main_window: Pipeline telemetry camera=GIAM_SAT_O_TO_1 capture_timestamp=2026-08-05T00:32:12.068396+00:00 inference_start=54826.812 inference_end=54826.843 preview_display_timestamp=54827.046000 ai_frame_age_ms=0.0 preview_frame_age_ms=125.0 configured_preview_fps=5.00 actual_preview_fps=3.56 dropped_capture_frames=28 dropped_preview_frames=26 queue_size=0 motorcycle=[] time_since_last_detection=-1.0 presence_ratio=0.00 candidate_elapsed=0.0 candidate_miss_elapsed=0.0
2026-08-05 07:32:12,288 INFO app.ui.main_window: Pipeline telemetry camera=GIAM_SAT_XE_MAY capture_timestamp=2026-08-05T00:32:12.151659+00:00 inference_start=54826.656 inference_end=54826.718 preview_display_timestamp=54827.078000 ai_frame_age_ms=0.0 preview_frame_age_ms=63.0 configured_preview_fps=5.00 actual_preview_fps=3.76 dropped_capture_frames=27 dropped_preview_frames=23 queue_size=0 motorcycle=[{'class': 'motorcycle', 'confidence': 0.8501617312431335, 'bbox': (1546.761474609375, 717.34326171875, 2118.762939453125, 1189.8780517578125)}, {'class': 'motorcycle', 'confidence': 0.6919465661048889, 'bbox': (1835.783203125, 573.9796905517578, 2218.3046875, 872.7901916503906)}, {'class': 'motorcycle', 'confidence': 0.4958089292049408, 'bbox': (580.9963989257812, 423.4800491333008, 722.2069091796875, 722.7149353027344)}, {'class': 'motorcycle', 'confidence': 0.2908378541469574, 'bbox': (2059.14306640625, 599.6631927490234, 2239.232421875, 871.4657592773438)}, {'class': 'motorcycle', 'confidence': 0.27752718329429626, 'bbox': (345.27117919921875, 1112.2839965820312, 1313.478271484375, 1607.183837890625)}, {'class': 'motorcycle', 'confidence': 0.274949848651886, 'bbox': (1983.8065185546875, 589.8454284667969, 2232.674560546875, 875.9104919433594)}, {'class': 'motorcycle', 'confidence': 0.25671377778053284, 'bbox': (641.8004150390625, 1108.578857421875, 1312.968994140625, 1552.5111083984375)}, {'class': 'motorcycle', 'confidence': 0.2536062002182007, 'bbox': (2249.240234375, 408.2905807495117, 2408.54248046875, 514.8104705810547)}, {'class': 'motorcycle', 'confidence': 0.22952982783317566, 'bbox': (1833.239990234375, 575.9682312011719, 2150.49658203125, 818.7037048339844)}] time_since_last_detection=-1.0 presence_ratio=0.00 candidate_elapsed=0.0 candidate_miss_elapsed=0.0
2026-08-05 07:32:13,895 INFO app.ui.main_window: Vehicle state transition camera=GIAM_SAT_XE_MAY runtime=7a86aeb0f2ad4e64a9be34ea73b73ddc state=OCCUPIED session=1-20260805-000001
2026-08-05 07:32:14,179 INFO app.ui.main_window: Vehicle state transition camera=GIAM_SAT_XE_MAY runtime=057abade71c94c3fbc9d964196b0182b state=OCCUPIED session=1-20260805-000010
2026-08-05 07:32:15,196 INFO app.ui.main_window: Vehicle state transition camera=GIAM_SAT_XE_MAY runtime=7a86aeb0f2ad4e64a9be34ea73b73ddc state=OCCUPIED session=1-20260805-000001
2026-08-05 07:32:15,635 INFO app.services.detector: Detector telemetry original=2615x1251 inference=2615x1251 duration_ms=90.8 raw=17 vehicles=10
2026-08-05 07:32:15,635 INFO app.services.detector: Vehicle filtered details=[{'class_id': 0, 'class_name': 'person', 'reason': 'class_not_allowed'}, {'class_id': 0, 'class_name': 'person', 'reason': 'class_not_allowed'}, {'class_id': 0, 'class_name': 'person', 'reason': 'class_not_allowed'}, {'class_id': 0, 'class_name': 'person', 'reason': 'class_not_allowed'}, {'class_id': 0, 'class_name': 'person', 'reason': 'class_not_allowed'}, {'class_id': 0, 'class_name': 'person', 'reason': 'class_not_allowed'}, {'class_id': 28, 'class_name': 'suitcase', 'reason': 'class_not_allowed'}]
2026-08-05 07:32:15,724 INFO app.ui.main_window: Vehicle state transition camera=GIAM_SAT_XE_MAY runtime=916d260bc11e4a5b90068e9a47ae3ba8 state=OCCUPIED session=1-20260805-000008
2026-08-05 07:32:15,785 INFO camera.GIAM_SAT_O_TO_1: Tracker telemetry frame=295 detections=1 inputs=[(0.311, (445, 554, 600, 695))] outputs=[('32', 47, 0)] configured_fps=4.00 actual_ai_fps=14.99 track_lost_seconds=5.00 calculated_track_buffer=20
2026-08-05 07:32:15,953 INFO camera.GIAM_SAT_XE_MAY: Tracker telemetry frame=298 detections=10 inputs=[(0.854, (1543, 715, 2120, 1188)), (0.599, (881, 369, 1055, 456)), (0.545, (1833, 570, 2153, 843)), (0.545, (577, 461, 729, 721)), (0.509, (499, 453, 722, 744)), (0.39, (2078, 603, 2241, 874)), (0.342, (363, 1111, 1311, 1608)), (0.237, (2240, 387, 2412, 519)), (0.236, (1841, 574, 2219, 903)), (0.207, (2236, 409, 2386, 522))] outputs=[('60', 8, 0), ('51', 58, 0), ('52', 40, 0), ('61', 8, 0), ('57', 25, 0), ('20', 264, 0), ('48', 89, 0), ('2', 298, 0), ('6', 298, 0), ('53', 40, 0)] configured_fps=4.00 actual_ai_fps=15.20 track_lost_seconds=3.00 calculated_track_buffer=12
2026-08-05 07:32:16,292 INFO app.ui.main_window: Vehicle state transition camera=GIAM_SAT_XE_MAY runtime=916d260bc11e4a5b90068e9a47ae3ba8 state=OCCUPIED session=1-20260805-000008
2026-08-05 07:32:17,203 INFO app.ui.main_window: Vehicle state transition camera=GIAM_SAT_XE_MAY runtime=916d260bc11e4a5b90068e9a47ae3ba8 state=OCCUPIED session=1-20260805-000008
2026-08-05 07:32:17,243 INFO app.ui.main_window: Vehicle state transition camera=GIAM_SAT_XE_MAY runtime=7a86aeb0f2ad4e64a9be34ea73b73ddc state=OCCUPIED session=1-20260805-000001
2026-08-05 07:32:18,339 INFO app.ui.main_window: Vehicle state transition camera=GIAM_SAT_XE_MAY runtime=7a86aeb0f2ad4e64a9be34ea73b73ddc state=OCCUPIED session=1-20260805-000001
2026-08-05 07:32:19,631 INFO app.ui.main_window: Vehicle state transition camera=GIAM_SAT_XE_MAY runtime=7a86aeb0f2ad4e64a9be34ea73b73ddc state=OCCUPIED session=1-20260805-000001
2026-08-05 07:32:20,014 INFO app.ui.main_window: Vehicle state transition camera=GIAM_SAT_XE_MAY runtime=b06d23e8ca3e42c49f84808d420d2ab3 state=OCCUPIED session=1-20260805-000009
2026-08-05 07:32:20,588 INFO app.ui.main_window: Vehicle state transition camera=GIAM_SAT_XE_MAY runtime=b06d23e8ca3e42c49f84808d420d2ab3 state=OCCUPIED session=1-20260805-000009
2026-08-05 07:32:20,632 INFO app.ui.main_window: Vehicle state transition camera=GIAM_SAT_XE_MAY runtime=7a86aeb0f2ad4e64a9be34ea73b73ddc state=OCCUPIED session=1-20260805-000001
2026-08-05 07:32:20,632 INFO app.ui.main_window: Track associated to existing runtime vehicle_instance_id=057abade71c94c3fbc9d964196b0182b new_track=65 session=1-20260805-000010
2026-08-05 07:32:20,653 INFO app.ui.main_window: Vehicle state transition camera=GIAM_SAT_XE_MAY runtime=057abade71c94c3fbc9d964196b0182b state=OCCUPIED session=1-20260805-000010
2026-08-05 07:32:21,912 INFO app.ui.main_window: Vehicle state transition camera=GIAM_SAT_XE_MAY runtime=b06d23e8ca3e42c49f84808d420d2ab3 state=OCCUPIED session=1-20260805-000009
2026-08-05 07:32:21,997 INFO app.ui.main_window: Vehicle state transition camera=GIAM_SAT_XE_MAY runtime=7a86aeb0f2ad4e64a9be34ea73b73ddc state=OCCUPIED session=1-20260805-000001
2026-08-05 07:32:24,745 INFO app.ui.main_window: Vehicle state transition camera=GIAM_SAT_XE_MAY runtime=057abade71c94c3fbc9d964196b0182b state=OCCUPIED session=1-20260805-000010
2026-08-05 07:32:25,276 INFO app.ui.main_window: Vehicle state transition camera=GIAM_SAT_XE_MAY runtime=916d260bc11e4a5b90068e9a47ae3ba8 state=OCCUPIED session=1-20260805-000008
2026-08-05 07:32:25,962 INFO app.ui.main_window: Vehicle state transition camera=GIAM_SAT_XE_MAY runtime=916d260bc11e4a5b90068e9a47ae3ba8 state=OCCUPIED session=1-20260805-000008
2026-08-05 07:32:25,962 INFO app.ui.main_window: Track associated to existing runtime vehicle_instance_id=b06d23e8ca3e42c49f84808d420d2ab3 new_track=68 session=1-20260805-000009
2026-08-05 07:32:25,983 INFO app.ui.main_window: Vehicle state transition camera=GIAM_SAT_XE_MAY runtime=b06d23e8ca3e42c49f84808d420d2ab3 state=OCCUPIED session=1-20260805-000009
2026-08-05 07:32:27,557 INFO app.ui.main_window: Vehicle state transition camera=GIAM_SAT_XE_MAY runtime=916d260bc11e4a5b90068e9a47ae3ba8 state=OCCUPIED session=1-20260805-000008
2026-08-05 07:32:29,619 INFO app.ui.main_window: Vehicle state transition camera=GIAM_SAT_XE_MAY runtime=b06d23e8ca3e42c49f84808d420d2ab3 state=OCCUPIED session=1-20260805-000009
2026-08-05 07:32:29,701 INFO app.ui.main_window: Vehicle state transition camera=GIAM_SAT_XE_MAY runtime=916d260bc11e4a5b90068e9a47ae3ba8 state=OCCUPIED session=1-20260805-000008
2026-08-05 07:32:29,716 INFO app.ui.main_window: Track associated to existing runtime vehicle_instance_id=3fd9bb7ed93d4f53a148f5d43ca09ed8 new_track=69 session=1-20260805-000007
2026-08-05 07:32:29,748 INFO app.ui.main_window: Vehicle state transition camera=GIAM_SAT_XE_MAY runtime=3fd9bb7ed93d4f53a148f5d43ca09ed8 state=OCCUPIED session=1-20260805-000007
2026-08-05 07:32:30,100 INFO app.ui.main_window: Vehicle state transition camera=GIAM_SAT_XE_MAY runtime=916d260bc11e4a5b90068e9a47ae3ba8 state=OCCUPIED session=1-20260805-000008
2026-08-05 07:32:30,372 INFO app.ui.main_window: Vehicle state transition camera=GIAM_SAT_XE_MAY runtime=3fd9bb7ed93d4f53a148f5d43ca09ed8 state=OCCUPIED session=1-20260805-000007
2026-08-05 07:32:31,603 INFO app.ui.main_window: Vehicle state transition camera=GIAM_SAT_XE_MAY runtime=3fd9bb7ed93d4f53a148f5d43ca09ed8 state=OCCUPIED session=1-20260805-000007
2026-08-05 07:32:31,663 INFO app.ui.main_window: Vehicle state transition camera=GIAM_SAT_XE_MAY runtime=b06d23e8ca3e42c49f84808d420d2ab3 state=OCCUPIED session=1-20260805-000009
2026-08-05 07:32:32,303 INFO app.ui.main_window: Vehicle state transition camera=GIAM_SAT_XE_MAY runtime=916d260bc11e4a5b90068e9a47ae3ba8 state=OCCUPIED session=1-20260805-000008
2026-08-05 07:32:34,327 INFO app.ui.main_window: Vehicle state transition camera=GIAM_SAT_XE_MAY runtime=b06d23e8ca3e42c49f84808d420d2ab3 state=OCCUPIED session=1-20260805-000009
2026-08-05 07:32:35,452 INFO app.ui.main_window: Vehicle state transition camera=GIAM_SAT_XE_MAY runtime=b06d23e8ca3e42c49f84808d420d2ab3 state=OCCUPIED session=1-20260805-000009
2026-08-05 07:32:36,505 INFO app.ui.main_window: Vehicle state transition camera=GIAM_SAT_XE_MAY runtime=b06d23e8ca3e42c49f84808d420d2ab3 state=OCCUPIED session=1-20260805-000009
2026-08-05 07:32:39,614 INFO app.ui.main_window: Vehicle state transition camera=GIAM_SAT_XE_MAY runtime=057abade71c94c3fbc9d964196b0182b state=OCCUPIED session=1-20260805-000010
2026-08-05 07:32:40,229 INFO app.ui.main_window: Track associated to existing runtime vehicle_instance_id=b06d23e8ca3e42c49f84808d420d2ab3 new_track=70 session=1-20260805-000009
2026-08-05 07:32:40,251 INFO app.ui.main_window: Vehicle state transition camera=GIAM_SAT_XE_MAY runtime=b06d23e8ca3e42c49f84808d420d2ab3 state=OCCUPIED session=1-20260805-000009
2026-08-05 07:32:40,546 INFO app.services.parking_session_service: Session completed and committed session=1-20260805-000007 previous_status=ACTIVE new_status=COMPLETED left_at=2026-08-05 00:32:40.392521 duration_seconds=77
2026-08-05 07:32:42,279 INFO app.ui.main_window: Track associated to existing runtime vehicle_instance_id=b06d23e8ca3e42c49f84808d420d2ab3 new_track=76 session=1-20260805-000009
2026-08-05 07:32:42,300 INFO app.ui.main_window: Vehicle state transition camera=GIAM_SAT_XE_MAY runtime=b06d23e8ca3e42c49f84808d420d2ab3 state=OCCUPIED session=1-20260805-000009
2026-08-05 07:32:42,347 INFO app.ui.main_window: Pipeline telemetry camera=GIAM_SAT_O_TO_1 capture_timestamp=2026-08-05T00:32:42.078830+00:00 inference_start=54856.625 inference_end=54856.687 preview_display_timestamp=54857.156000 ai_frame_age_ms=0.0 preview_frame_age_ms=219.0 configured_preview_fps=5.00 actual_preview_fps=2.56 dropped_capture_frames=28 dropped_preview_frames=33 queue_size=0 motorcycle=[] time_since_last_detection=-1.0 presence_ratio=0.00 candidate_elapsed=0.0 candidate_miss_elapsed=0.0
2026-08-05 07:32:42,399 INFO app.ui.main_window: Pipeline telemetry camera=GIAM_SAT_XE_MAY capture_timestamp=2026-08-05T00:32:42.326601+00:00 inference_start=54856.921 inference_end=54857.0 preview_display_timestamp=54857.203000 ai_frame_age_ms=0.0 preview_frame_age_ms=16.0 configured_preview_fps=5.00 actual_preview_fps=2.46 dropped_capture_frames=0 dropped_preview_frames=30 queue_size=0 motorcycle=[{'class': 'motorcycle', 'confidence': 0.8510282635688782, 'bbox': (1545.12060546875, 721.7684326171875, 2119.668701171875, 1187.9353637695312)}, {'class': 'motorcycle', 'confidence': 0.6742404699325562, 'bbox': (1837.8658447265625, 572.9863891601562, 2215.049072265625, 870.2862243652344)}, {'class': 'motorcycle', 'confidence': 0.36757194995880127, 'bbox': (640.151611328125, 1103.2374267578125, 1311.555908203125, 1540.1646728515625)}, {'class': 'motorcycle', 'confidence': 0.25376781821250916, 'bbox': (2062.13916015625, 601.0408020019531, 2231.986328125, 871.9148864746094)}, {'class': 'motorcycle', 'confidence': 0.22896379232406616, 'bbox': (1844.83837890625, 571.6612854003906, 2168.13232421875, 806.7525634765625)}, {'class': 'motorcycle', 'confidence': 0.21683457493782043, 'bbox': (2296.642578125, 424.51066970825195, 2420.4345703125, 518.5146331787109)}, {'class': 'motorcycle', 'confidence': 0.21458499133586884, 'bbox': (1954.875732421875, 590.6357269287109, 2228.895751953125, 875.5653991699219)}] time_since_last_detection=-1.0 presence_ratio=0.00 candidate_elapsed=0.0 candidate_miss_elapsed=0.0
2026-08-05 07:32:43,220 INFO app.ui.main_window: Vehicle state transition camera=GIAM_SAT_XE_MAY runtime=b06d23e8ca3e42c49f84808d420d2ab3 state=OCCUPIED session=1-20260805-000009
2026-08-05 07:32:44,517 INFO app.ui.main_window: Vehicle state transition camera=GIAM_SAT_XE_MAY runtime=7a86aeb0f2ad4e64a9be34ea73b73ddc state=OCCUPIED session=1-20260805-000001
2026-08-05 07:32:45,733 INFO app.services.detector: Detector telemetry original=2505x739 inference=2505x739 duration_ms=51.7 raw=12 vehicles=2
2026-08-05 07:32:45,738 INFO app.services.detector: Vehicle filtered details=[{'class_id': 0, 'class_name': 'person', 'reason': 'class_not_allowed'}, {'class_id': 0, 'class_name': 'person', 'reason': 'class_not_allowed'}, {'class_id': 3, 'class_name': 'motorcycle', 'reason': 'class_not_allowed'}, {'class_id': 0, 'class_name': 'person', 'reason': 'class_not_allowed'}, {'class_id': 3, 'class_name': 'motorcycle', 'reason': 'class_not_allowed'}, {'class_id': 0, 'class_name': 'person', 'reason': 'class_not_allowed'}, {'class_id': 3, 'class_name': 'motorcycle', 'reason': 'class_not_allowed'}, {'class_id': 0, 'class_name': 'person', 'reason': 'class_not_allowed'}, {'class_id': 26, 'class_name': 'handbag', 'reason': 'class_not_allowed'}, {'class_id': 0, 'class_name': 'person', 'reason': 'class_not_allowed'}]
2026-08-05 07:32:46,055 INFO camera.GIAM_SAT_O_TO_1: Tracker telemetry frame=394 detections=1 inputs=[(0.748, (493, 532, 742, 642))] outputs=[('32', 146, 0)] configured_fps=4.00 actual_ai_fps=25.72 track_lost_seconds=5.00 calculated_track_buffer=20
2026-08-05 07:32:46,175 INFO camera.GIAM_SAT_XE_MAY: Tracker telemetry frame=390 detections=5 inputs=[(0.839, (1546, 706, 2119, 1189)), (0.611, (1834, 575, 2181, 855)), (0.341, (2069, 607, 2233, 872)), (0.3, (641, 1104, 1312, 1545)), (0.252, (1890, 575, 2235, 875))] outputs=[('56', 117, 0), ('65', 78, 0), ('20', 356, 0), ('2', 390, 0), ('6', 390, 0)] configured_fps=4.00 actual_ai_fps=27.06 track_lost_seconds=3.00 calculated_track_buffer=12
2026-08-05 07:32:47,389 INFO app.ui.main_window: Vehicle state transition camera=GIAM_SAT_XE_MAY runtime=7a86aeb0f2ad4e64a9be34ea73b73ddc state=OCCUPIED session=1-20260805-000001
2026-08-05 07:32:47,978 INFO app.ui.main_window: Vehicle state transition camera=GIAM_SAT_XE_MAY runtime=7a86aeb0f2ad4e64a9be34ea73b73ddc state=OCCUPIED session=1-20260805-000001
2026-08-05 07:32:50,964 INFO camera.GIAM_SAT_O_TO_1: Primary track selected track=39 overlap=0.283 inside=True
2026-08-05 07:32:51,006 INFO app.services.parking_session_service: Session completed and committed session=1-20260805-000009 previous_status=ACTIVE new_status=COMPLETED left_at=2026-08-05 00:32:50.885175 duration_seconds=52
2026-08-05 07:32:51,110 INFO app.ui.main_window: Vehicle runtime created vehicle_instance_id=a2c278b6a13b4e5897f0d3a7a93daac7 track_id=39 reason=unmatched_stable_track
2026-08-05 07:32:53,013 INFO app.ui.main_window: Vehicle runtime created vehicle_instance_id=757ccc8956c043a4973deb44910c3f67 track_id=82 reason=unmatched_stable_track
2026-08-05 07:32:56,289 INFO camera.GIAM_SAT_O_TO_1: Primary track selected track=43 overlap=0.215 inside=True
2026-08-05 07:32:56,415 INFO app.ui.main_window: Vehicle runtime created vehicle_instance_id=f50845aa2ae244bb9fad93769117ccd6 track_id=43 reason=unmatched_stable_track
2026-08-05 07:32:59,366 INFO camera.GIAM_SAT_O_TO_1: Primary track selected track=35 overlap=0.311 inside=True
2026-08-05 07:32:59,422 INFO app.ui.main_window: Track associated to existing runtime vehicle_instance_id=f50845aa2ae244bb9fad93769117ccd6 new_track=35 session=None
2026-08-05 07:32:59,708 INFO app.ui.main_window: Vehicle runtime created vehicle_instance_id=e19422cc45be43f9bb17552f551b6f89 track_id=46 reason=unmatched_stable_track
2026-08-05 07:33:03,866 INFO camera.GIAM_SAT_O_TO_1: Primary track selected track=45 overlap=0.214 inside=True
2026-08-05 07:33:03,966 INFO app.ui.main_window: Track associated to existing runtime vehicle_instance_id=e19422cc45be43f9bb17552f551b6f89 new_track=48 session=None
2026-08-05 07:33:04,195 INFO camera.GIAM_SAT_O_TO_1: Primary track selected track=48 overlap=0.320 inside=True
2026-08-05 07:33:12,395 INFO app.ui.main_window: Pipeline telemetry camera=GIAM_SAT_XE_MAY capture_timestamp=2026-08-05T00:33:12.249719+00:00 inference_start=54886.968 inference_end=54887.015 preview_display_timestamp=54887.203000 ai_frame_age_ms=0.0 preview_frame_age_ms=94.0 configured_preview_fps=5.00 actual_preview_fps=4.93 dropped_capture_frames=0 dropped_preview_frames=32 queue_size=0 motorcycle=[{'class': 'motorcycle', 'confidence': 0.8537135124206543, 'bbox': (1545.2490234375, 713.1320495605469, 2118.49072265625, 1190.1349487304688)}, {'class': 'motorcycle', 'confidence': 0.7578895688056946, 'bbox': (1834.1063232421875, 570.351318359375, 2215.188720703125, 874.8983764648438)}, {'class': 'motorcycle', 'confidence': 0.312946617603302, 'bbox': (357.967529296875, 1112.0621948242188, 1312.927001953125, 1609.16357421875)}, {'class': 'motorcycle', 'confidence': 0.23194719851016998, 'bbox': (2080.544921875, 599.5532684326172, 2221.523681640625, 872.6177978515625)}] time_since_last_detection=-1.0 presence_ratio=0.00 candidate_elapsed=0.0 candidate_miss_elapsed=0.0
2026-08-05 07:33:12,432 INFO app.ui.main_window: Pipeline telemetry camera=GIAM_SAT_O_TO_1 capture_timestamp=2026-08-05T00:33:12.307762+00:00 inference_start=54886.734 inference_end=54886.781 preview_display_timestamp=54887.250000 ai_frame_age_ms=0.0 preview_frame_age_ms=79.0 configured_preview_fps=5.00 actual_preview_fps=5.32 dropped_capture_frames=0 dropped_preview_frames=37 queue_size=0 motorcycle=[] time_since_last_detection=-1.0 presence_ratio=0.00 candidate_elapsed=0.0 candidate_miss_elapsed=0.0
2026-08-05 07:33:15,796 INFO app.services.detector: Detector telemetry original=2505x739 inference=2505x739 duration_ms=72.9 raw=7 vehicles=0
2026-08-05 07:33:15,798 INFO app.services.detector: Vehicle filtered details=[{'class_id': 0, 'class_name': 'person', 'reason': 'class_not_allowed'}, {'class_id': 3, 'class_name': 'motorcycle', 'reason': 'class_not_allowed'}, {'class_id': 3, 'class_name': 'motorcycle', 'reason': 'class_not_allowed'}, {'class_id': 3, 'class_name': 'motorcycle', 'reason': 'class_not_allowed'}, {'class_id': 0, 'class_name': 'person', 'reason': 'class_not_allowed'}, {'class_id': 0, 'class_name': 'person', 'reason': 'class_not_allowed'}, {'class_id': 0, 'class_name': 'person', 'reason': 'class_not_allowed'}]
2026-08-05 07:33:16,117 INFO camera.GIAM_SAT_O_TO_1: Tracker telemetry frame=489 detections=0 inputs=[] outputs=[] configured_fps=4.00 actual_ai_fps=17.37 track_lost_seconds=5.00 calculated_track_buffer=20
2026-08-05 07:33:16,215 INFO camera.GIAM_SAT_XE_MAY: Tracker telemetry frame=492 detections=5 inputs=[(0.854, (1545, 713, 2118, 1190)), (0.758, (1834, 570, 2215, 875)), (0.548, (46, 402, 160, 520)), (0.313, (358, 1112, 1313, 1609)), (0.232, (2081, 600, 2222, 873))] outputs=[('56', 219, 0), ('86', 45, 0), ('20', 458, 0), ('2', 492, 0), ('6', 492, 0)] configured_fps=4.00 actual_ai_fps=14.36 track_lost_seconds=3.00 calculated_track_buffer=12
2026-08-05 07:33:16,870 INFO app.ui.main_window: Track associated to existing runtime vehicle_instance_id=057abade71c94c3fbc9d964196b0182b new_track=93 session=1-20260805-000010
2026-08-05 07:33:16,887 INFO app.ui.main_window: Vehicle state transition camera=GIAM_SAT_XE_MAY runtime=057abade71c94c3fbc9d964196b0182b state=OCCUPIED session=1-20260805-000010
2026-08-05 07:33:16,888 INFO app.ui.main_window: Vehicle runtime created vehicle_instance_id=a0a6c76b2a534239bbb2f51cc345c9b2 track_id=94 reason=unmatched_stable_track
2026-08-05 07:33:17,578 INFO app.ui.main_window: Vehicle state transition camera=GIAM_SAT_XE_MAY runtime=916d260bc11e4a5b90068e9a47ae3ba8 state=OCCUPIED session=1-20260805-000008
2026-08-05 07:33:18,225 INFO app.ui.main_window: Track associated to existing runtime vehicle_instance_id=057abade71c94c3fbc9d964196b0182b new_track=98 session=1-20260805-000010
2026-08-05 07:33:18,240 INFO app.ui.main_window: Vehicle state transition camera=GIAM_SAT_XE_MAY runtime=057abade71c94c3fbc9d964196b0182b state=OCCUPIED session=1-20260805-000010
2026-08-05 07:33:18,460 INFO app.ui.main_window: Track associated to existing runtime vehicle_instance_id=7a86aeb0f2ad4e64a9be34ea73b73ddc new_track=100 session=1-20260805-000001
2026-08-05 07:33:18,475 INFO app.ui.main_window: Vehicle state transition camera=GIAM_SAT_XE_MAY runtime=7a86aeb0f2ad4e64a9be34ea73b73ddc state=OCCUPIED session=1-20260805-000001
2026-08-05 07:33:19,008 INFO app.ui.main_window: Vehicle state transition camera=GIAM_SAT_XE_MAY runtime=916d260bc11e4a5b90068e9a47ae3ba8 state=OCCUPIED session=1-20260805-000008
2026-08-05 07:33:19,209 INFO app.ui.main_window: Vehicle state transition camera=GIAM_SAT_XE_MAY runtime=7a86aeb0f2ad4e64a9be34ea73b73ddc state=OCCUPIED session=1-20260805-000001
2026-08-05 07:33:19,246 INFO app.ui.main_window: Vehicle runtime created vehicle_instance_id=9691f62f2fe442e4b9fc88977ac712a0 track_id=101 reason=unmatched_stable_track
2026-08-05 07:33:19,247 INFO app.ui.main_window: Vehicle runtime created vehicle_instance_id=78c43c56b10f4f6583cdf7ce777fc1b0 track_id=102 reason=unmatched_stable_track
2026-08-05 07:33:19,416 INFO camera.GIAM_SAT_XE_MAY: Primary track selected track=98 overlap=1.000 inside=True
2026-08-05 07:33:20,273 INFO camera.GIAM_SAT_XE_MAY: Primary track selected track=100 overlap=1.000 inside=True
2026-08-05 07:33:20,304 INFO app.ui.main_window: Vehicle state transition camera=GIAM_SAT_XE_MAY runtime=7a86aeb0f2ad4e64a9be34ea73b73ddc state=OCCUPIED session=1-20260805-000001
2026-08-05 07:33:20,886 INFO app.ui.main_window: Track associated to existing runtime vehicle_instance_id=a0a6c76b2a534239bbb2f51cc345c9b2 new_track=105 session=None
2026-08-05 07:33:20,887 INFO app.ui.main_window: Track associated to existing runtime vehicle_instance_id=916d260bc11e4a5b90068e9a47ae3ba8 new_track=104 session=1-20260805-000008
2026-08-05 07:33:20,913 INFO app.ui.main_window: Vehicle state transition camera=GIAM_SAT_XE_MAY runtime=916d260bc11e4a5b90068e9a47ae3ba8 state=OCCUPIED session=1-20260805-000008
2026-08-05 07:33:21,989 INFO app.services.parking_session_service: Session started and committed session=1-20260805-000011 vehicle_instance_id=a0a6c76b2a534239bbb2f51cc345c9b2 track=105 idempotency_key=2:a0a6c76b2a534239bbb2f51cc345c9b2
2026-08-05 07:33:22,049 INFO app.ui.main_window: Parking session started camera=GIAM_SAT_XE_MAY session=1-20260805-000011 runtime=a0a6c76b2a534239bbb2f51cc345c9b2 track=105
2026-08-05 07:33:22,056 INFO app.ui.main_window: Vehicle state transition camera=GIAM_SAT_XE_MAY runtime=a0a6c76b2a534239bbb2f51cc345c9b2 state=OCCUPIED session=1-20260805-000011
2026-08-05 07:33:22,070 INFO app.ui.main_window: Vehicle state transition camera=GIAM_SAT_XE_MAY runtime=916d260bc11e4a5b90068e9a47ae3ba8 state=OCCUPIED session=1-20260805-000008
2026-08-05 07:33:22,602 INFO app.ui.main_window: Vehicle state transition camera=GIAM_SAT_XE_MAY runtime=916d260bc11e4a5b90068e9a47ae3ba8 state=OCCUPIED session=1-20260805-000008
2026-08-05 07:33:22,913 INFO app.ui.main_window: Vehicle state transition camera=GIAM_SAT_XE_MAY runtime=057abade71c94c3fbc9d964196b0182b state=OCCUPIED session=1-20260805-000010
2026-08-05 07:33:23,746 INFO app.ui.main_window: Vehicle state transition camera=GIAM_SAT_XE_MAY runtime=916d260bc11e4a5b90068e9a47ae3ba8 state=OCCUPIED session=1-20260805-000008
2026-08-05 07:33:24,365 INFO app.services.parking_session_service: Session started and committed session=1-20260805-000012 vehicle_instance_id=9691f62f2fe442e4b9fc88977ac712a0 track=101 idempotency_key=2:9691f62f2fe442e4b9fc88977ac712a0
2026-08-05 07:33:24,455 INFO app.ui.main_window: Parking session started camera=GIAM_SAT_XE_MAY session=1-20260805-000012 runtime=9691f62f2fe442e4b9fc88977ac712a0 track=101
2026-08-05 07:33:24,456 INFO app.ui.main_window: Vehicle state transition camera=GIAM_SAT_XE_MAY runtime=9691f62f2fe442e4b9fc88977ac712a0 state=OCCUPIED session=1-20260805-000012
2026-08-05 07:33:26,479 INFO app.ui.main_window: Vehicle state transition camera=GIAM_SAT_XE_MAY runtime=057abade71c94c3fbc9d964196b0182b state=OCCUPIED session=1-20260805-000010
2026-08-05 07:33:26,741 INFO app.services.parking_session_service: Session completed and committed session=1-20260805-000003 previous_status=ACTIVE new_status=COMPLETED left_at=2026-08-05 00:33:26.599290 duration_seconds=155
2026-08-05 07:33:29,519 INFO app.services.parking_session_service: Session completed and committed session=1-20260805-000011 previous_status=ACTIVE new_status=COMPLETED left_at=2026-08-05 00:33:29.331660 duration_seconds=7
2026-08-05 07:33:33,528 INFO app.services.parking_session_service: Session completed and committed session=1-20260805-000008 previous_status=ACTIVE new_status=COMPLETED left_at=2026-08-05 00:33:33.401146 duration_seconds=99
2026-08-05 07:33:42,421 INFO app.ui.main_window: Pipeline telemetry camera=GIAM_SAT_XE_MAY capture_timestamp=2026-08-05T00:33:42.242154+00:00 inference_start=54916.875 inference_end=54916.921 preview_display_timestamp=54917.218000 ai_frame_age_ms=0.0 preview_frame_age_ms=125.0 configured_preview_fps=5.00 actual_preview_fps=5.35 dropped_capture_frames=0 dropped_preview_frames=39 queue_size=0 motorcycle=[{'class': 'motorcycle', 'confidence': 0.8733751773834229, 'bbox': (1545.7200927734375, 712.2376403808594, 2120.583740234375, 1188.4694213867188)}, {'class': 'motorcycle', 'confidence': 0.6631101369857788, 'bbox': (1834.958740234375, 574.7621459960938, 2210.468017578125, 864.8509826660156)}, {'class': 'motorcycle', 'confidence': 0.3793160021305084, 'bbox': (2063.941162109375, 605.8515777587891, 2223.695556640625, 872.1148376464844)}, {'class': 'motorcycle', 'confidence': 0.20124387741088867, 'bbox': (1832.7694091796875, 578.3062896728516, 2111.314697265625, 800.2459716796875)}] time_since_last_detection=-1.0 presence_ratio=0.00 candidate_elapsed=0.0 candidate_miss_elapsed=0.0
2026-08-05 07:33:42,761 INFO app.ui.main_window: Pipeline telemetry camera=GIAM_SAT_O_TO_1 capture_timestamp=2026-08-05T00:33:42.530897+00:00 inference_start=54917.484 inference_end=54917.531 preview_display_timestamp=54917.578000 ai_frame_age_ms=0.0 preview_frame_age_ms=188.0 configured_preview_fps=5.00 actual_preview_fps=2.46 dropped_capture_frames=0 dropped_preview_frames=48 queue_size=0 motorcycle=[] time_since_last_detection=-1.0 presence_ratio=0.00 candidate_elapsed=0.0 candidate_miss_elapsed=0.0
2026-08-05 07:33:45,991 INFO app.services.detector: Detector telemetry original=2615x1251 inference=2615x1251 duration_ms=52.8 raw=11 vehicles=4
2026-08-05 07:33:45,991 INFO app.services.detector: Vehicle filtered details=[{'class_id': 0, 'class_name': 'person', 'reason': 'class_not_allowed'}, {'class_id': 0, 'class_name': 'person', 'reason': 'class_not_allowed'}, {'class_id': 0, 'class_name': 'person', 'reason': 'class_not_allowed'}, {'class_id': 0, 'class_name': 'person', 'reason': 'class_not_allowed'}, {'class_id': 1, 'class_name': 'bicycle', 'reason': 'class_not_allowed'}, {'class_id': 28, 'class_name': 'suitcase', 'reason': 'class_not_allowed'}, {'class_id': 0, 'class_name': 'person', 'reason': 'class_not_allowed'}]
2026-08-05 07:33:46,320 INFO camera.GIAM_SAT_O_TO_1: Tracker telemetry frame=586 detections=2 inputs=[(0.704, (324, 528, 480, 657)), (0.278, (619, 527, 889, 581))] outputs=[('58', 46, 0), ('60', 25, 0)] configured_fps=4.00 actual_ai_fps=25.91 track_lost_seconds=5.00 calculated_track_buffer=20
2026-08-05 07:33:46,366 INFO camera.GIAM_SAT_XE_MAY: Tracker telemetry frame=592 detections=4 inputs=[(0.873, (1546, 712, 2121, 1188)), (0.663, (1835, 575, 2210, 865)), (0.379, (2064, 606, 2224, 872)), (0.201, (1833, 578, 2111, 800))] outputs=[('2', 592, 0), ('100', 94, 0), ('101', 91, 0), ('98', 95, 0)] configured_fps=4.00 actual_ai_fps=11.80 track_lost_seconds=3.00 calculated_track_buffer=12
2026-08-05 07:34:12,578 INFO app.ui.main_window: Pipeline telemetry camera=GIAM_SAT_XE_MAY capture_timestamp=2026-08-05T00:34:12.506341+00:00 inference_start=54947.14 inference_end=54947.187 preview_display_timestamp=54947.390000 ai_frame_age_ms=15.0 preview_frame_age_ms=31.0 configured_preview_fps=5.00 actual_preview_fps=5.81 dropped_capture_frames=0 dropped_preview_frames=41 queue_size=0 motorcycle=[{'class': 'motorcycle', 'confidence': 0.8733751773834229, 'bbox': (1545.7200927734375, 712.2376403808594, 2120.583740234375, 1188.4694213867188)}, {'class': 'motorcycle', 'confidence': 0.6631101369857788, 'bbox': (1834.958740234375, 574.7621459960938, 2210.468017578125, 864.8509826660156)}, {'class': 'motorcycle', 'confidence': 0.3793160021305084, 'bbox': (2063.941162109375, 605.8515777587891, 2223.695556640625, 872.1148376464844)}, {'class': 'motorcycle', 'confidence': 0.20124387741088867, 'bbox': (1832.7694091796875, 578.3062896728516, 2111.314697265625, 800.2459716796875)}] time_since_last_detection=-1.0 presence_ratio=0.00 candidate_elapsed=0.0 candidate_miss_elapsed=0.0
2026-08-05 07:34:12,879 INFO app.ui.main_window: Pipeline telemetry camera=GIAM_SAT_O_TO_1 capture_timestamp=2026-08-05T00:34:12.687224+00:00 inference_start=54947.64 inference_end=54947.671 preview_display_timestamp=54947.703000 ai_frame_age_ms=0.0 preview_frame_age_ms=157.0 configured_preview_fps=5.00 actual_preview_fps=2.91 dropped_capture_frames=0 dropped_preview_frames=54 queue_size=0 motorcycle=[] time_since_last_detection=-1.0 presence_ratio=0.00 candidate_elapsed=0.0 candidate_miss_elapsed=0.0
2026-08-05 07:34:16,246 INFO app.services.detector: Detector telemetry original=2615x1251 inference=2615x1251 duration_ms=54.8 raw=11 vehicles=4
2026-08-05 07:34:16,246 INFO app.services.detector: Vehicle filtered details=[{'class_id': 0, 'class_name': 'person', 'reason': 'class_not_allowed'}, {'class_id': 0, 'class_name': 'person', 'reason': 'class_not_allowed'}, {'class_id': 0, 'class_name': 'person', 'reason': 'class_not_allowed'}, {'class_id': 0, 'class_name': 'person', 'reason': 'class_not_allowed'}, {'class_id': 1, 'class_name': 'bicycle', 'reason': 'class_not_allowed'}, {'class_id': 28, 'class_name': 'suitcase', 'reason': 'class_not_allowed'}, {'class_id': 0, 'class_name': 'person', 'reason': 'class_not_allowed'}]
2026-08-05 07:34:16,491 INFO camera.GIAM_SAT_XE_MAY: Tracker telemetry frame=692 detections=4 inputs=[(0.873, (1546, 712, 2121, 1188)), (0.663, (1835, 575, 2210, 865)), (0.379, (2064, 606, 2224, 872)), (0.201, (1833, 578, 2111, 800))] outputs=[('2', 692, 0), ('100', 194, 0), ('101', 191, 0), ('98', 195, 0)] configured_fps=4.00 actual_ai_fps=17.50 track_lost_seconds=3.00 calculated_track_buffer=12
2026-08-05 07:34:16,612 INFO camera.GIAM_SAT_O_TO_1: Tracker telemetry frame=682 detections=4 inputs=[(0.516, (2143, 536, 2379, 657)), (0.31, (2141, 537, 2378, 658)), (0.277, (2409, 577, 2660, 735)), (0.221, (586, 527, 872, 582))] outputs=[('60', 121, 0), ('62', 2, 0), ('64', 1, 0), ('61', 2, 0)] configured_fps=4.00 actual_ai_fps=20.44 track_lost_seconds=5.00 calculated_track_buffer=20
2026-08-05 07:34:19,208 WARNING camera.GIAM_SAT_O_TO_1: Worker lỗi: Không đọc được frame; sẽ kết nối lại sau 1 giây
2026-08-05 07:34:19,226 INFO app.ui.main_window: State transition camera=GIAM_SAT_O_TO_1 UNKNOWN -> CAMERA_OFFLINE action=CAMERA_OFFLINE
2026-08-05 07:34:19,228 WARNING app.ui.main_window: Camera 1: Không đọc được frame - reconnect sau 1s
2026-08-05 07:34:22,473 INFO camera.GIAM_SAT_O_TO_1: First frame received shape=(1620, 2880, 3)
2026-08-05 07:34:22,491 INFO app.ui.main_window: Camera online camera=GIAM_SAT_O_TO_1 first_frame=true detector_ready=True
2026-08-05 07:34:22,539 INFO camera.GIAM_SAT_O_TO_1: Primary track selected track=67 overlap=0.726 inside=True
2026-08-05 07:34:27,320 INFO app.ui.main_window: Vehicle state transition camera=GIAM_SAT_XE_MAY runtime=057abade71c94c3fbc9d964196b0182b state=OCCUPIED session=1-20260805-000010
2026-08-05 07:34:28,481 INFO app.ui.main_window: Vehicle runtime created vehicle_instance_id=c2f9ac1658804b3cbc911efee16f9013 track_id=67 reason=unmatched_stable_track
2026-08-05 07:34:28,592 INFO app.ui.main_window: Vehicle state transition camera=GIAM_SAT_XE_MAY runtime=057abade71c94c3fbc9d964196b0182b state=OCCUPIED session=1-20260805-000010
2026-08-05 07:34:30,201 INFO app.ui.main_window: Track associated to existing runtime vehicle_instance_id=057abade71c94c3fbc9d964196b0182b new_track=112 session=1-20260805-000010
2026-08-05 07:34:30,219 INFO app.ui.main_window: Vehicle state transition camera=GIAM_SAT_XE_MAY runtime=057abade71c94c3fbc9d964196b0182b state=OCCUPIED session=1-20260805-000010
2026-08-05 07:34:32,568 INFO app.ui.main_window: Vehicle runtime created vehicle_instance_id=f04724e5eb8c4ebd9a106a14eca8d718 track_id=113 reason=unmatched_stable_track
2026-08-05 07:34:32,568 INFO app.ui.main_window: Vehicle runtime created vehicle_instance_id=a9b2b0e4bd5f4ddcb939c0b02931f315 track_id=114 reason=unmatched_stable_track
2026-08-05 07:34:32,569 INFO app.ui.main_window: Vehicle runtime created vehicle_instance_id=56fb5ef66854410e9062927e1a85b966 track_id=116 reason=unmatched_stable_track
2026-08-05 07:34:32,569 INFO app.ui.main_window: Vehicle runtime created vehicle_instance_id=74406c29df354df4932a5d1fe00103bc track_id=117 reason=unmatched_stable_track
2026-08-05 07:34:32,570 INFO app.ui.main_window: Vehicle runtime created vehicle_instance_id=350baf61bcad44e58747057d66062329 track_id=118 reason=unmatched_stable_track
2026-08-05 07:34:33,631 INFO camera.GIAM_SAT_O_TO_1: Primary track selected track=71 overlap=0.264 inside=True
2026-08-05 07:34:33,736 INFO app.ui.main_window: Vehicle runtime created vehicle_instance_id=78fbeca07b0c4b399aca5ab0b64fee14 track_id=71 reason=unmatched_stable_track
2026-08-05 07:34:37,444 INFO app.ui.main_window: Vehicle state transition camera=GIAM_SAT_XE_MAY runtime=057abade71c94c3fbc9d964196b0182b state=OCCUPIED session=1-20260805-000010
2026-08-05 07:34:37,451 INFO app.ui.main_window: Track associated to existing runtime vehicle_instance_id=350baf61bcad44e58747057d66062329 new_track=114 session=None
2026-08-05 07:34:37,736 INFO app.services.parking_session_service: Session started and committed session=1-20260805-000013 vehicle_instance_id=f04724e5eb8c4ebd9a106a14eca8d718 track=113 idempotency_key=2:f04724e5eb8c4ebd9a106a14eca8d718
2026-08-05 07:34:37,816 INFO app.ui.main_window: Parking session started camera=GIAM_SAT_XE_MAY session=1-20260805-000013 runtime=f04724e5eb8c4ebd9a106a14eca8d718 track=113
2026-08-05 07:34:37,817 INFO app.ui.main_window: Vehicle state transition camera=GIAM_SAT_XE_MAY runtime=f04724e5eb8c4ebd9a106a14eca8d718 state=OCCUPIED session=1-20260805-000013
2026-08-05 07:34:38,438 INFO app.services.parking_session_service: Session started and committed session=1-20260805-000014 vehicle_instance_id=350baf61bcad44e58747057d66062329 track=114 idempotency_key=2:350baf61bcad44e58747057d66062329
2026-08-05 07:34:38,492 INFO app.ui.main_window: Parking session started camera=GIAM_SAT_XE_MAY session=1-20260805-000014 runtime=350baf61bcad44e58747057d66062329 track=114
2026-08-05 07:34:38,503 INFO app.ui.main_window: Vehicle state transition camera=GIAM_SAT_XE_MAY runtime=350baf61bcad44e58747057d66062329 state=OCCUPIED session=1-20260805-000014
2026-08-05 07:34:38,652 INFO app.ui.main_window: Vehicle runtime created vehicle_instance_id=34cfa972553247c4a308a7301866ba6d track_id=78 reason=unmatched_stable_track
2026-08-05 07:34:40,430 INFO app.ui.main_window: Track associated to existing runtime vehicle_instance_id=56fb5ef66854410e9062927e1a85b966 new_track=125 session=None
2026-08-05 07:34:40,493 INFO app.services.parking_session_service: Session started and committed session=1-20260805-000015 vehicle_instance_id=56fb5ef66854410e9062927e1a85b966 track=125 idempotency_key=2:56fb5ef66854410e9062927e1a85b966
2026-08-05 07:34:40,575 INFO app.ui.main_window: Parking session started camera=GIAM_SAT_XE_MAY session=1-20260805-000015 runtime=56fb5ef66854410e9062927e1a85b966 track=125
2026-08-05 07:34:40,576 INFO app.ui.main_window: Vehicle state transition camera=GIAM_SAT_XE_MAY runtime=56fb5ef66854410e9062927e1a85b966 state=OCCUPIED session=1-20260805-000015
2026-08-05 07:34:42,446 INFO app.ui.main_window: Vehicle state transition camera=GIAM_SAT_XE_MAY runtime=56fb5ef66854410e9062927e1a85b966 state=OCCUPIED session=1-20260805-000015
2026-08-05 07:34:42,583 INFO app.ui.main_window: Pipeline telemetry camera=GIAM_SAT_XE_MAY capture_timestamp=2026-08-05T00:34:42.334982+00:00 inference_start=54977.187 inference_end=54977.25 preview_display_timestamp=54977.390000 ai_frame_age_ms=0.0 preview_frame_age_ms=203.0 configured_preview_fps=5.00 actual_preview_fps=3.56 dropped_capture_frames=0 dropped_preview_frames=45 queue_size=0 motorcycle=[{'class': 'motorcycle', 'confidence': 0.8085213303565979, 'bbox': (1543.7498779296875, 714.2268676757812, 2118.785400390625, 1187.716796875)}, {'class': 'motorcycle', 'confidence': 0.5940964221954346, 'bbox': (1837.351318359375, 572.0858306884766, 2173.623779296875, 855.2012939453125)}, {'class': 'motorcycle', 'confidence': 0.3907884359359741, 'bbox': (2074.82763671875, 604.6946105957031, 2232.470703125, 873.2959899902344)}, {'class': 'motorcycle', 'confidence': 0.2501984238624573, 'bbox': (2286.120361328125, 409.6807518005371, 2407.3193359375, 512.9657897949219)}, {'class': 'motorcycle', 'confidence': 0.22427056729793549, 'bbox': (2354.328369140625, 443.75636291503906, 2452.567626953125, 551.1145935058594)}, {'class': 'motorcycle', 'confidence': 0.22165706753730774, 'bbox': (2240.87158203125, 410.2256278991699, 2357.843017578125, 510.45884704589844)}, {'class': 'motorcycle', 'confidence': 0.21089817583560944, 'bbox': (1905.7352294921875, 581.4097747802734, 2232.815185546875, 878.9957885742188)}, {'class': 'motorcycle', 'confidence': 0.2025468498468399, 'bbox': (2310.123291015625, 425.0913772583008, 2382.23681640625, 518.1243591308594)}] time_since_last_detection=-1.0 presence_ratio=0.00 candidate_elapsed=0.0 candidate_miss_elapsed=0.0
2026-08-05 07:34:43,057 INFO app.ui.main_window: Pipeline telemetry camera=GIAM_SAT_O_TO_1 capture_timestamp=2026-08-05T00:34:42.993705+00:00 inference_start=54977.609 inference_end=54977.656 preview_display_timestamp=54977.890000 ai_frame_age_ms=0.0 preview_frame_age_ms=47.0 configured_preview_fps=5.00 actual_preview_fps=4.93 dropped_capture_frames=0 dropped_preview_frames=60 queue_size=0 motorcycle=[] time_since_last_detection=-1.0 presence_ratio=0.00 candidate_elapsed=0.0 candidate_miss_elapsed=0.0
2026-08-05 07:34:44,034 INFO app.ui.main_window: Vehicle state transition camera=GIAM_SAT_XE_MAY runtime=56fb5ef66854410e9062927e1a85b966 state=OCCUPIED session=1-20260805-000015
2026-08-05 07:34:45,260 INFO app.ui.main_window: Vehicle state transition camera=GIAM_SAT_XE_MAY runtime=56fb5ef66854410e9062927e1a85b966 state=OCCUPIED session=1-20260805-000015
2026-08-05 07:34:46,460 INFO app.services.detector: Detector telemetry original=2505x739 inference=2505x739 duration_ms=33.3 raw=10 vehicles=0
2026-08-05 07:34:46,460 INFO app.services.detector: Vehicle filtered details=[{'class_id': 0, 'class_name': 'person', 'reason': 'class_not_allowed'}, {'class_id': 0, 'class_name': 'person', 'reason': 'class_not_allowed'}, {'class_id': 0, 'class_name': 'person', 'reason': 'class_not_allowed'}, {'class_id': 3, 'class_name': 'motorcycle', 'reason': 'class_not_allowed'}, {'class_id': 0, 'class_name': 'person', 'reason': 'class_not_allowed'}, {'class_id': 1, 'class_name': 'bicycle', 'reason': 'class_not_allowed'}, {'class_id': 0, 'class_name': 'person', 'reason': 'class_not_allowed'}, {'class_id': 0, 'class_name': 'person', 'reason': 'class_not_allowed'}, {'class_id': 0, 'class_name': 'person', 'reason': 'class_not_allowed'}, {'class_id': 24, 'class_name': 'backpack', 'reason': 'class_not_allowed'}]
2026-08-05 07:34:46,565 INFO camera.GIAM_SAT_XE_MAY: Tracker telemetry frame=786 detections=4 inputs=[(0.835, (1544, 707, 2119, 1188)), (0.573, (1836, 577, 2156, 827)), (0.418, (1833, 575, 2226, 871)), (0.408, (2075, 606, 2232, 875))] outputs=[('2', 786, 0), ('125', 21, 0), ('100', 288, 0), ('101', 285, 0)] configured_fps=4.00 actual_ai_fps=15.72 track_lost_seconds=3.00 calculated_track_buffer=12
2026-08-05 07:34:46,821 INFO camera.GIAM_SAT_O_TO_1: Tracker telemetry frame=770 detections=0 inputs=[] outputs=[] configured_fps=4.00 actual_ai_fps=16.94 track_lost_seconds=5.00 calculated_track_buffer=20
2026-08-05 07:34:47,241 INFO app.ui.main_window: Track associated to existing runtime vehicle_instance_id=350baf61bcad44e58747057d66062329 new_track=127 session=1-20260805-000014
2026-08-05 07:34:47,259 INFO app.ui.main_window: Vehicle state transition camera=GIAM_SAT_XE_MAY runtime=350baf61bcad44e58747057d66062329 state=OCCUPIED session=1-20260805-000014
2026-08-05 07:34:47,259 INFO app.ui.main_window: Track associated to existing runtime vehicle_instance_id=057abade71c94c3fbc9d964196b0182b new_track=128 session=1-20260805-000010
2026-08-05 07:34:47,286 INFO app.ui.main_window: Vehicle state transition camera=GIAM_SAT_XE_MAY runtime=057abade71c94c3fbc9d964196b0182b state=OCCUPIED session=1-20260805-000010
2026-08-05 07:34:47,287 INFO app.ui.main_window: Vehicle runtime created vehicle_instance_id=0b97eed79d0a4f01b6bc9927cc27d15b track_id=129 reason=unmatched_stable_track
2026-08-05 07:34:49,272 INFO app.services.parking_session_service: Session completed and committed session=1-20260805-000013 previous_status=ACTIVE new_status=COMPLETED left_at=2026-08-05 00:34:49.118018 duration_seconds=11
2026-08-05 07:34:50,742 INFO app.ui.main_window: Vehicle state transition camera=GIAM_SAT_XE_MAY runtime=057abade71c94c3fbc9d964196b0182b state=OCCUPIED session=1-20260805-000010
2026-08-05 07:34:52,459 INFO app.ui.main_window: Vehicle state transition camera=GIAM_SAT_XE_MAY runtime=057abade71c94c3fbc9d964196b0182b state=OCCUPIED session=1-20260805-000010
2026-08-05 07:34:53,016 INFO app.ui.main_window: Vehicle state transition camera=GIAM_SAT_XE_MAY runtime=350baf61bcad44e58747057d66062329 state=OCCUPIED session=1-20260805-000014
2026-08-05 07:34:53,103 INFO app.services.parking_session_service: Session started and committed session=1-20260805-000016 vehicle_instance_id=0b97eed79d0a4f01b6bc9927cc27d15b track=129 idempotency_key=2:0b97eed79d0a4f01b6bc9927cc27d15b
2026-08-05 07:34:53,164 INFO app.ui.main_window: Parking session started camera=GIAM_SAT_XE_MAY session=1-20260805-000016 runtime=0b97eed79d0a4f01b6bc9927cc27d15b track=129
2026-08-05 07:34:53,164 INFO app.ui.main_window: Vehicle state transition camera=GIAM_SAT_XE_MAY runtime=0b97eed79d0a4f01b6bc9927cc27d15b state=OCCUPIED session=1-20260805-000016
2026-08-05 07:34:54,715 INFO app.ui.main_window: Vehicle runtime created vehicle_instance_id=a3e09dd713d24db6b2c0253bb1cf7b62 track_id=133 reason=unmatched_stable_track
2026-08-05 07:34:56,031 INFO app.ui.main_window: Vehicle state transition camera=GIAM_SAT_XE_MAY runtime=56fb5ef66854410e9062927e1a85b966 state=OCCUPIED session=1-20260805-000015
2026-08-05 07:34:56,050 INFO app.ui.main_window: Vehicle state transition camera=GIAM_SAT_XE_MAY runtime=350baf61bcad44e58747057d66062329 state=OCCUPIED session=1-20260805-000014
2026-08-05 07:35:00,065 INFO app.services.parking_session_service: Session completed and committed session=1-20260805-000010 previous_status=ACTIVE new_status=COMPLETED left_at=2026-08-05 00:34:59.959680 duration_seconds=171
2026-08-05 07:35:01,409 INFO app.services.parking_session_service: Session completed and committed session=1-20260805-000016 previous_status=ACTIVE new_status=COMPLETED left_at=2026-08-05 00:35:01.243097 duration_seconds=8
2026-08-05 07:35:01,620 INFO app.ui.main_window: Track associated to existing runtime vehicle_instance_id=56fb5ef66854410e9062927e1a85b966 new_track=135 session=1-20260805-000015
2026-08-05 07:35:01,642 INFO app.ui.main_window: Vehicle state transition camera=GIAM_SAT_XE_MAY runtime=56fb5ef66854410e9062927e1a85b966 state=OCCUPIED session=1-20260805-000015
2026-08-05 07:35:04,125 INFO app.services.parking_session_service: Session completed and committed session=1-20260805-000014 previous_status=ACTIVE new_status=COMPLETED left_at=2026-08-05 00:35:03.994328 duration_seconds=25
2026-08-05 07:35:06,498 INFO app.ui.main_window: Vehicle runtime created vehicle_instance_id=e33c5f4bde1c49f6add76c7da5c761c9 track_id=137 reason=unmatched_stable_track
2026-08-05 07:35:08,277 INFO camera.GIAM_SAT_XE_MAY: Primary track selected track=101 overlap=0.997 inside=True
2026-08-05 07:35:08,605 INFO app.ui.main_window: Vehicle state transition camera=GIAM_SAT_XE_MAY runtime=7a86aeb0f2ad4e64a9be34ea73b73ddc state=OCCUPIED session=1-20260805-000001
2026-08-05 07:35:08,647 INFO camera.GIAM_SAT_O_TO_1: Primary track selected track=86 overlap=0.280 inside=True
2026-08-05 07:35:08,690 INFO app.ui.main_window: Vehicle runtime created vehicle_instance_id=4d0fcc9bb2b445f7b24ddd088712fe0e track_id=86 reason=unmatched_stable_track
2026-08-05 07:35:08,856 INFO app.ui.main_window: Vehicle runtime created vehicle_instance_id=7112f3c9eaef40949fd4ff67fbfe16e7 track_id=138 reason=unmatched_stable_track
2026-08-05 07:35:08,897 INFO app.ui.main_window: Vehicle runtime created vehicle_instance_id=4b44145d21ef41e7aef42c559b8a8b4e track_id=89 reason=unmatched_stable_track
2026-08-05 07:35:10,382 INFO app.ui.main_window: Vehicle state transition camera=GIAM_SAT_XE_MAY runtime=7a86aeb0f2ad4e64a9be34ea73b73ddc state=OCCUPIED session=1-20260805-000001
2026-08-05 07:35:11,821 INFO app.services.parking_session_service: Session started and committed session=1-20260805-000017 vehicle_instance_id=e33c5f4bde1c49f6add76c7da5c761c9 track=137 idempotency_key=2:e33c5f4bde1c49f6add76c7da5c761c9
2026-08-05 07:35:11,913 INFO app.ui.main_window: Parking session started camera=GIAM_SAT_XE_MAY session=1-20260805-000017 runtime=e33c5f4bde1c49f6add76c7da5c761c9 track=137
2026-08-05 07:35:11,921 INFO app.ui.main_window: Vehicle state transition camera=GIAM_SAT_XE_MAY runtime=e33c5f4bde1c49f6add76c7da5c761c9 state=OCCUPIED session=1-20260805-000017
2026-08-05 07:35:12,982 INFO app.ui.main_window: Pipeline telemetry camera=GIAM_SAT_XE_MAY capture_timestamp=2026-08-05T00:35:12.729788+00:00 inference_start=55007.593 inference_end=55007.671 preview_display_timestamp=55007.796000 ai_frame_age_ms=0.0 preview_frame_age_ms=203.0 configured_preview_fps=5.00 actual_preview_fps=2.21 dropped_capture_frames=0 dropped_preview_frames=52 queue_size=0 motorcycle=[{'class': 'motorcycle', 'confidence': 0.808849036693573, 'bbox': (1545.2774658203125, 716.0235290527344, 2119.97265625, 1187.783935546875)}, {'class': 'motorcycle', 'confidence': 0.6921882033348083, 'bbox': (2085.82958984375, 617.7088775634766, 2230.653564453125, 873.3283081054688)}, {'class': 'motorcycle', 'confidence': 0.442352294921875, 'bbox': (1797.68212890625, 546.4115600585938, 2100.78173828125, 798.4570922851562)}, {'class': 'motorcycle', 'confidence': 0.4275414049625397, 'bbox': (333.6066589355469, 1098.53662109375, 1316.0986328125, 1606.4381103515625)}] time_since_last_detection=-1.0 presence_ratio=0.00 candidate_elapsed=0.0 candidate_miss_elapsed=0.0
2026-08-05 07:35:13,077 INFO app.ui.main_window: Pipeline telemetry camera=GIAM_SAT_O_TO_1 capture_timestamp=2026-08-05T00:35:12.935363+00:00 inference_start=55007.578 inference_end=55007.625 preview_display_timestamp=55007.890000 ai_frame_age_ms=0.0 preview_frame_age_ms=94.0 configured_preview_fps=5.00 actual_preview_fps=7.14 dropped_capture_frames=0 dropped_preview_frames=69 queue_size=0 motorcycle=[] time_since_last_detection=-1.0 presence_ratio=0.00 candidate_elapsed=0.0 candidate_miss_elapsed=0.0
2026-08-05 07:35:13,974 INFO app.services.parking_session_service: Session started and committed session=1-20260805-000018 vehicle_instance_id=7112f3c9eaef40949fd4ff67fbfe16e7 track=138 idempotency_key=2:7112f3c9eaef40949fd4ff67fbfe16e7
2026-08-05 07:35:14,053 INFO app.ui.main_window: Parking session started camera=GIAM_SAT_XE_MAY session=1-20260805-000018 runtime=7112f3c9eaef40949fd4ff67fbfe16e7 track=138
2026-08-05 07:35:14,053 INFO app.ui.main_window: Vehicle state transition camera=GIAM_SAT_XE_MAY runtime=7112f3c9eaef40949fd4ff67fbfe16e7 state=OCCUPIED session=1-20260805-000018
2026-08-05 07:35:14,212 INFO app.ui.main_window: Vehicle state transition camera=GIAM_SAT_XE_MAY runtime=e33c5f4bde1c49f6add76c7da5c761c9 state=OCCUPIED session=1-20260805-000017
2026-08-05 07:35:16,469 INFO app.services.detector: Detector telemetry original=2505x739 inference=2505x739 duration_ms=47.2 raw=12 vehicles=2
2026-08-05 07:35:16,469 INFO app.services.detector: Vehicle filtered details=[{'class_id': 0, 'class_name': 'person', 'reason': 'class_not_allowed'}, {'class_id': 0, 'class_name': 'person', 'reason': 'class_not_allowed'}, {'class_id': 0, 'class_name': 'person', 'reason': 'class_not_allowed'}, {'class_id': 1, 'class_name': 'bicycle', 'reason': 'class_not_allowed'}, {'class_id': 26, 'class_name': 'handbag', 'reason': 'class_not_allowed'}, {'class_id': 3, 'class_name': 'motorcycle', 'reason': 'class_not_allowed'}, {'class_id': 28, 'class_name': 'suitcase', 'reason': 'class_not_allowed'}, {'class_id': 28, 'class_name': 'suitcase', 'reason': 'class_not_allowed'}, {'class_id': 0, 'class_name': 'person', 'reason': 'class_not_allowed'}, {'class_id': 0, 'class_name': 'person', 'reason': 'class_not_allowed'}]
2026-08-05 07:35:16,628 INFO camera.GIAM_SAT_XE_MAY: Tracker telemetry frame=886 detections=3 inputs=[(0.767, (1544, 726, 2118, 1188)), (0.743, (2081, 622, 2230, 875)), (0.217, (272, 1113, 1320, 1607))] outputs=[('137', 35, 0), ('2', 886, 0), ('101', 385, 0)] configured_fps=4.00 actual_ai_fps=17.84 track_lost_seconds=3.00 calculated_track_buffer=12
2026-08-05 07:35:17,111 INFO camera.GIAM_SAT_O_TO_1: Tracker telemetry frame=868 detections=2 inputs=[(0.608, (2558, 574, 2719, 698)), (0.201, (2411, 571, 2719, 697))] outputs=[('91', 20, 0), ('89', 27, 0)] configured_fps=4.00 actual_ai_fps=27.70 track_lost_seconds=5.00 calculated_track_buffer=20
2026-08-05 07:35:20,229 INFO app.services.parking_session_service: Session completed and committed session=1-20260805-000015 previous_status=ACTIVE new_status=COMPLETED left_at=2026-08-05 00:35:20.021672 duration_seconds=39
2026-08-05 07:35:21,450 INFO app.services.parking_session_service: Session completed and committed session=1-20260805-000018 previous_status=ACTIVE new_status=COMPLETED left_at=2026-08-05 00:35:21.319746 duration_seconds=7
2026-08-05 07:35:22,882 INFO app.services.parking_session_service: Session completed and committed session=1-20260805-000001 previous_status=ACTIVE new_status=COMPLETED left_at=2026-08-05 00:35:22.788142 duration_seconds=271
2026-08-05 07:35:39,819 INFO app.ui.main_window: Vehicle runtime created vehicle_instance_id=a030abf226494b5da3a264bec5ec1856 track_id=139 reason=unmatched_stable_track
2026-08-05 07:35:43,049 INFO app.ui.main_window: Pipeline telemetry camera=GIAM_SAT_XE_MAY capture_timestamp=2026-08-05T00:35:42.926076+00:00 inference_start=55037.515 inference_end=55037.578 preview_display_timestamp=55037.859000 ai_frame_age_ms=0.0 preview_frame_age_ms=78.0 configured_preview_fps=5.00 actual_preview_fps=5.32 dropped_capture_frames=0 dropped_preview_frames=54 queue_size=0 motorcycle=[{'class': 'motorcycle', 'confidence': 0.7465292811393738, 'bbox': (1542.41845703125, 698.8345947265625, 2118.335693359375, 1185.6404418945312)}, {'class': 'motorcycle', 'confidence': 0.6382378935813904, 'bbox': (2084.54638671875, 617.9611968994141, 2232.322998046875, 872.6766357421875)}, {'class': 'motorcycle', 'confidence': 0.2505560517311096, 'bbox': (105.24630737304688, 420.19518661499023, 291.4253845214844, 588.4334259033203)}, {'class': 'motorcycle', 'confidence': 0.22165162861347198, 'bbox': (1819.0047607421875, 567.0564575195312, 2131.294921875, 811.37744140625)}] time_since_last_detection=-1.0 presence_ratio=0.00 candidate_elapsed=0.0 candidate_miss_elapsed=0.0
2026-08-05 07:35:43,387 INFO app.ui.main_window: Pipeline telemetry camera=GIAM_SAT_O_TO_1 capture_timestamp=2026-08-05T00:35:43.164453+00:00 inference_start=55038.156 inference_end=55038.203 preview_display_timestamp=55038.218000 ai_frame_age_ms=0.0 preview_frame_age_ms=203.0 configured_preview_fps=5.00 actual_preview_fps=2.56 dropped_capture_frames=0 dropped_preview_frames=71 queue_size=0 motorcycle=[] time_since_last_detection=-1.0 presence_ratio=0.00 candidate_elapsed=0.0 candidate_miss_elapsed=0.0
2026-08-05 07:35:44,429 INFO app.ui.main_window: Vehicle runtime created vehicle_instance_id=caa0db1f318948da981c1ebf4c6723e8 track_id=140 reason=unmatched_stable_track
2026-08-05 07:35:45,085 INFO app.services.parking_session_service: Session started and committed session=1-20260805-000019 vehicle_instance_id=a030abf226494b5da3a264bec5ec1856 track=139 idempotency_key=2:a030abf226494b5da3a264bec5ec1856
2026-08-05 07:35:45,168 INFO app.ui.main_window: Parking session started camera=GIAM_SAT_XE_MAY session=1-20260805-000019 runtime=a030abf226494b5da3a264bec5ec1856 track=139
2026-08-05 07:35:45,168 INFO app.ui.main_window: Vehicle state transition camera=GIAM_SAT_XE_MAY runtime=a030abf226494b5da3a264bec5ec1856 state=OCCUPIED session=1-20260805-000019
2026-08-05 07:35:46,602 INFO app.services.detector: Detector telemetry original=2505x739 inference=2505x739 duration_ms=38.6 raw=12 vehicles=2
2026-08-05 07:35:46,602 INFO app.services.detector: Vehicle filtered details=[{'class_id': 0, 'class_name': 'person', 'reason': 'class_not_allowed'}, {'class_id': 0, 'class_name': 'person', 'reason': 'class_not_allowed'}, {'class_id': 0, 'class_name': 'person', 'reason': 'class_not_allowed'}, {'class_id': 1, 'class_name': 'bicycle', 'reason': 'class_not_allowed'}, {'class_id': 26, 'class_name': 'handbag', 'reason': 'class_not_allowed'}, {'class_id': 3, 'class_name': 'motorcycle', 'reason': 'class_not_allowed'}, {'class_id': 28, 'class_name': 'suitcase', 'reason': 'class_not_allowed'}, {'class_id': 28, 'class_name': 'suitcase', 'reason': 'class_not_allowed'}, {'class_id': 0, 'class_name': 'person', 'reason': 'class_not_allowed'}, {'class_id': 0, 'class_name': 'person', 'reason': 'class_not_allowed'}]
2026-08-05 07:35:46,711 INFO camera.GIAM_SAT_XE_MAY: Tracker telemetry frame=987 detections=4 inputs=[(0.774, (1542, 692, 2119, 1185)), (0.372, (2071, 602, 2235, 875)), (0.271, (1830, 564, 2232, 877)), (0.215, (1825, 574, 2134, 837))] outputs=[('140', 9, 0), ('2', 987, 0), ('101', 486, 0), ('139', 25, 0)] configured_fps=4.00 actual_ai_fps=12.11 track_lost_seconds=3.00 calculated_track_buffer=12
2026-08-05 07:35:46,854 INFO app.services.parking_session_service: Session completed and committed session=1-20260805-000017 previous_status=ACTIVE new_status=COMPLETED left_at=2026-08-05 00:35:46.711041 duration_seconds=35
2026-08-05 07:35:47,173 INFO camera.GIAM_SAT_O_TO_1: Tracker telemetry frame=965 detections=2 inputs=[(0.608, (2558, 574, 2719, 698)), (0.201, (2411, 571, 2719, 697))] outputs=[('91', 117, 0), ('89', 124, 0)] configured_fps=4.00 actual_ai_fps=33.02 track_lost_seconds=5.00 calculated_track_buffer=20
2026-08-05 07:35:49,741 INFO app.services.parking_session_service: Session started and committed session=1-20260805-000020 vehicle_instance_id=caa0db1f318948da981c1ebf4c6723e8 track=140 idempotency_key=2:caa0db1f318948da981c1ebf4c6723e8
2026-08-05 07:35:49,804 INFO app.ui.main_window: Parking session started camera=GIAM_SAT_XE_MAY session=1-20260805-000020 runtime=caa0db1f318948da981c1ebf4c6723e8 track=140
2026-08-05 07:35:49,804 INFO app.ui.main_window: Vehicle state transition camera=GIAM_SAT_XE_MAY runtime=caa0db1f318948da981c1ebf4c6723e8 state=OCCUPIED session=1-20260805-000020
2026-08-05 07:35:53,679 INFO app.ui.main_window: Track associated to existing runtime vehicle_instance_id=a030abf226494b5da3a264bec5ec1856 new_track=142 session=1-20260805-000019
2026-08-05 07:35:53,698 INFO app.ui.main_window: Vehicle state transition camera=GIAM_SAT_XE_MAY runtime=a030abf226494b5da3a264bec5ec1856 state=OCCUPIED session=1-20260805-000019
2026-08-05 07:35:53,699 INFO app.ui.main_window: Vehicle runtime created vehicle_instance_id=1867b63770a04e7a81461d8b43de0d2b track_id=143 reason=unmatched_stable_track
2026-08-05 07:35:53,699 INFO app.ui.main_window: Vehicle runtime created vehicle_instance_id=d9f67c1c4e0c40cc8816dc4d19708c1a track_id=144 reason=unmatched_stable_track
2026-08-05 07:35:58,854 INFO app.services.parking_session_service: Session started and committed session=1-20260805-000021 vehicle_instance_id=d9f67c1c4e0c40cc8816dc4d19708c1a track=144 idempotency_key=2:d9f67c1c4e0c40cc8816dc4d19708c1a
2026-08-05 07:35:58,913 INFO app.ui.main_window: Parking session started camera=GIAM_SAT_XE_MAY session=1-20260805-000021 runtime=d9f67c1c4e0c40cc8816dc4d19708c1a track=144
2026-08-05 07:35:58,913 INFO app.ui.main_window: Vehicle state transition camera=GIAM_SAT_XE_MAY runtime=d9f67c1c4e0c40cc8816dc4d19708c1a state=OCCUPIED session=1-20260805-000021
2026-08-05 07:35:59,538 INFO app.services.parking_session_service: Session started and committed session=1-20260805-000022 vehicle_instance_id=1867b63770a04e7a81461d8b43de0d2b track=143 idempotency_key=2:1867b63770a04e7a81461d8b43de0d2b
2026-08-05 07:35:59,607 INFO app.ui.main_window: Parking session started camera=GIAM_SAT_XE_MAY session=1-20260805-000022 runtime=1867b63770a04e7a81461d8b43de0d2b track=143
2026-08-05 07:35:59,607 INFO app.ui.main_window: Vehicle state transition camera=GIAM_SAT_XE_MAY runtime=1867b63770a04e7a81461d8b43de0d2b state=OCCUPIED session=1-20260805-000022
2026-08-05 07:35:59,651 INFO app.ui.main_window: Vehicle state transition camera=GIAM_SAT_XE_MAY runtime=a030abf226494b5da3a264bec5ec1856 state=OCCUPIED session=1-20260805-000019
2026-08-05 07:35:59,836 INFO app.ui.main_window: Vehicle state transition camera=GIAM_SAT_XE_MAY runtime=caa0db1f318948da981c1ebf4c6723e8 state=OCCUPIED session=1-20260805-000020
2026-08-05 07:36:00,429 INFO app.ui.main_window: Vehicle state transition camera=GIAM_SAT_XE_MAY runtime=a030abf226494b5da3a264bec5ec1856 state=OCCUPIED session=1-20260805-000019
2026-08-05 07:36:00,712 INFO app.ui.main_window: Vehicle state transition camera=GIAM_SAT_XE_MAY runtime=1867b63770a04e7a81461d8b43de0d2b state=OCCUPIED session=1-20260805-000022
2026-08-05 07:36:01,631 INFO app.ui.main_window: Vehicle state transition camera=GIAM_SAT_XE_MAY runtime=1867b63770a04e7a81461d8b43de0d2b state=OCCUPIED session=1-20260805-000022
2026-08-05 07:36:02,304 INFO app.ui.main_window: Vehicle state transition camera=GIAM_SAT_XE_MAY runtime=a030abf226494b5da3a264bec5ec1856 state=OCCUPIED session=1-20260805-000019
2026-08-05 07:36:02,866 INFO app.ui.main_window: Vehicle state transition camera=GIAM_SAT_XE_MAY runtime=d9f67c1c4e0c40cc8816dc4d19708c1a state=OCCUPIED session=1-20260805-000021
2026-08-05 07:36:03,213 INFO app.ui.main_window: Vehicle state transition camera=GIAM_SAT_XE_MAY runtime=a030abf226494b5da3a264bec5ec1856 state=OCCUPIED session=1-20260805-000019
2026-08-05 07:36:03,288 INFO app.ui.main_window: Vehicle state transition camera=GIAM_SAT_XE_MAY runtime=1867b63770a04e7a81461d8b43de0d2b state=OCCUPIED session=1-20260805-000022
2026-08-05 07:36:03,288 INFO app.ui.main_window: Vehicle runtime created vehicle_instance_id=d32868b9c5b14cb5a73ca6116d56a22f track_id=146 reason=unmatched_stable_track
2026-08-05 07:36:04,258 INFO app.ui.main_window: Vehicle runtime created vehicle_instance_id=b797f8b85b2c4f22b345177e1e8683bb track_id=147 reason=unmatched_stable_track
